0.0000,19.8200,4.6900
0.5000,19.7600,4.5900
1.0000,19.9900,4.2200
1.5000,19.9900,3.5600
2.0000,18.2300,1.7100
2.5000,19.7900,5.0500
3.0000,19.8900,5.3100
3.5000,20.1600,5.0500
4.0000,20.3200,4.7200
4.5000,20.1600,3.5900
5.0000,20.0200,3.1600
5.5000,20.0900,2.9600
6.0000,20.7900,3.8600
6.5000,20.7900,3.3900
7.0000,20.7600,2.7700
7.5000,17.6300,-3.0900
8.0000,21.3200,8.1900
8.5000,19.4200,-1.4000
9.0000,17.9900,0.0500
9.5000,17.6300,0.1200
10.0000,19.4200,4.1200
10.5000,19.9900,5.1800
11.0000,20.2900,4.8800
11.5000,20.6200,5.4500
12.0000,20.8200,4.9200
12.5000,20.6600,4.5200
13.0000,20.6200,4.2200
13.5000,20.5600,4.0600
14.0000,20.4200,3.8900
14.5000,20.4200,3.9900
15.0000,20.4200,3.2300
15.5000,20.6900,3.8600
16.0000,21.5500,4.5500
16.5000,20.5900,2.5700
17.0000,20.8600,1.6400
17.5000,21.0500,2.4700
18.0000,20.6200,1.6100
18.5000,20.7900,1.8100
19.0000,20.9200,1.9400
19.5000,20.8600,1.2800
20.0000,20.7200,1.6400
20.5000,20.8200,1.5400
21.0000,20.7200,1.1400
21.5000,20.8200,1.5700
22.0000,20.8600,1.2100
22.5000,20.8600,1.2400
23.0000,20.7600,1.4100
23.5000,20.7600,1.2400
24.0000,20.7600,1.1100
24.5000,20.7200,1.2400
25.0000,20.8200,1.4100
25.5000,20.7600,1.1800
26.0000,20.7200,1.1400
26.5000,20.7600,1.4400
27.0000,20.7900,1.0500
27.5000,20.6900,1.0100
28.0000,20.7200,1.1400
28.5000,20.7200,1.1800
29.0000,20.7600,1.1800
29.5000,20.7600,0.8500
30.0000,20.7200,0.9500
30.5000,20.6900,0.8100
31.0000,20.7900,0.9100
31.5000,20.7600,0.9100
32.0000,20.7200,0.9500
32.5000,20.9200,1.2800
33.0000,20.8200,1.1100
33.5000,20.8200,0.9800
34.0000,20.7200,1.0500
34.5000,20.8200,1.1400
35.0000,20.7600,0.9800
35.5000,20.7600,0.9500
36.0000,20.7200,1.0100
36.5000,20.7600,0.9100
37.0000,20.7200,0.9500
37.5000,20.8200,0.9100
38.0000,20.7900,1.0500
38.5000,20.8200,0.7500
39.0000,20.8600,0.6800
39.5000,20.7600,0.8800
40.0000,20.6600,0.9500
40.5000,20.6600,0.8500
41.0000,20.7200,0.9800
41.5000,20.7200,0.8500
42.0000,20.7200,0.7100
42.5000,20.6600,1.0100
43.0000,20.9600,0.7500
43.5000,20.8600,0.6500
44.0000,20.6900,0.7800
44.5000,20.7600,0.8500
45.0000,20.6200,0.8100
45.5000,20.5600,0.8500
46.0000,20.6200,1.0100
46.5000,20.5900,0.7800
47.0000,20.5600,0.7800
47.5000,20.5600,0.9800
48.0000,20.5900,0.8100
48.5000,20.4600,0.8100
49.0000,20.4600,0.8800
49.5000,20.5600,0.8100
50.0000,20.5200,0.7800
50.5000,20.4200,0.8500
51.0000,20.4600,0.8800
51.5000,20.4600,0.7800
52.0000,20.3600,0.7800
52.5000,20.4600,0.7500
53.0000,20.3900,0.7500
53.5000,20.4600,0.6800
54.0000,20.5600,0.4500
54.5000,20.5200,0.6500
55.0000,20.3600,0.7500
55.5000,20.2600,0.7500
56.0000,20.3200,0.5800
56.5000,20.2600,0.8500
57.0000,20.2200,0.7500
57.5000,20.2200,0.7100
58.0000,20.1600,0.8800
58.5000,20.2600,0.6800
59.0000,20.1900,0.7500
59.5000,20.0900,0.7100
60.0000,20.1200,0.7100
60.5000,20.0600,0.6200
61.0000,20.0200,0.8800
61.5000,19.9600,0.2500
62.0000,19.6900,0.1900
62.5000,19.8900,0.8800
63.0000,19.9900,1.0800
63.5000,19.8200,0.3800
64.0000,19.7600,0.6500
64.5000,19.7600,0.7500
65.0000,19.7900,0.8100
65.5000,19.8600,0.9500
66.0000,19.8600,0.8100
66.5000,19.7900,0.8100
67.0000,19.7900,0.8500
67.5000,19.7600,0.7100
68.0000,19.6200,0.6800
68.5000,19.6200,0.7500
69.0000,19.5900,0.7500
69.5000,19.5600,0.7800
70.0000,19.5200,0.7100
70.5000,19.5600,0.9100
71.0000,19.5200,0.7100
71.5000,19.3900,0.6800
72.0000,19.3900,0.7100
72.5000,19.4900,0.7800
73.0000,19.3900,0.6800
73.5000,19.3200,0.6500
74.0000,19.3200,0.8100
74.5000,19.3600,0.6500
75.0000,19.4600,0.5500
75.5000,19.2900,0.5800
76.0000,19.2600,0.5500
76.5000,19.1900,0.7100
77.0000,19.1200,0.6500
77.5000,19.1600,0.6500
78.0000,19.0900,0.6200
78.5000,19.0200,0.6200
79.0000,19.0200,0.6800
79.5000,19.3200,1.3400
80.0000,19.6200,0.6200
80.5000,19.0900,-0.1800
81.0000,18.7600,0.0900
81.5000,21.0500,6.5700
82.0000,22.8200,7.3300
82.5000,21.5900,0.1500
83.0000,21.5200,4.5500
83.5000,19.6600,-2.5900
84.0000,19.2200,-0.0100
84.5000,19.2200,-0.7100
85.0000,18.4200,-0.7700
85.5000,18.7600,-0.0100
86.0000,18.5200,-0.4100
86.5000,18.6200,0.7100
87.0000,18.8900,1.2800
87.5000,18.7900,2.3000
88.0000,18.7600,3.6600
88.5000,18.5900,1.9400
89.0000,18.5900,4.3900
89.5000,18.5900,5.2500
90.0000,18.7200,25.3000
90.5000,20.1600,60.8400
91.0000,19.2900,64.5200
91.5000,19.2600,70.6400
92.0000,19.0200,74.6400
92.5000,18.7600,74.5400
93.0000,18.6900,74.3800
93.5000,18.3900,76.0000
94.0000,17.6600,75.7000
94.5000,17.6900,73.8100
95.0000,17.4600,53.6600
95.5000,17.4300,50.9800
96.0000,18.0600,70.3700
96.5000,17.4900,75.6300
97.0000,16.5300,75.5300
97.5000,17.7300,73.6800
98.0000,17.2300,69.1800
98.5000,17.2900,75.2000
99.0000,17.0900,65.6700
99.5000,16.9900,52.1400
100.0000,16.6600,48.9300
100.5000,16.5900,53.0000
101.0000,16.5600,52.3700
101.5000,16.3300,59.2900
102.0000,16.5300,76.0000
102.5000,17.2900,77.9800
103.0000,17.7300,78.6800
103.5000,17.0600,79.3100
104.0000,16.8300,79.1400
104.5000,16.8300,78.5100
105.0000,16.7900,78.1500
105.5000,16.9600,79.0100
106.0000,16.6900,79.0100
106.5000,15.9900,78.2500
107.0000,15.9600,78.5800
107.5000,16.2900,78.9800
108.0000,16.1600,78.8400
108.5000,16.3300,79.1400
109.0000,16.1900,79.0800
109.5000,16.1900,79.6000
110.0000,16.1600,79.8400
110.5000,16.0600,79.8400
111.0000,16.0900,79.8700
111.5000,15.9600,79.7000
112.0000,16.0300,80.2700
112.5000,16.3300,80.6600
113.0000,16.0300,79.8700
113.5000,15.8600,79.5700
114.0000,15.7600,79.7000
114.5000,15.7300,79.1700
115.0000,15.6600,79.5400
115.5000,16.1600,81.1600
116.0000,15.6600,80.1000
116.5000,15.7900,80.5000
117.0000,16.1300,81.1600
117.5000,15.8300,80.4700
118.0000,15.5600,79.9400
118.5000,15.3300,79.4700
119.0000,15.2600,79.2700
119.5000,15.1000,78.7800
120.0000,15.2600,79.9000
120.5000,15.2300,80.0700
121.0000,15.3300,80.2300
121.5000,15.3600,80.3300
122.0000,15.1600,80.1300
122.5000,15.2300,80.0400
123.0000,15.2300,80.1000
123.5000,15.2000,79.9700
124.0000,15.2300,79.7700
124.5000,15.1300,80.0400
125.0000,15.0000,79.9400
125.5000,15.1600,79.9700
126.0000,15.0300,80.0000
126.5000,14.7300,79.3100
127.0000,14.7000,79.0100
127.5000,14.7000,79.8000
128.0000,15.0300,80.4000
128.5000,15.0000,80.0400
129.0000,14.9000,79.8400
129.5000,14.7000,79.6000
130.0000,14.9000,80.4000
130.5000,14.9600,80.4300
131.0000,15.0300,80.3000
131.5000,15.0000,80.3300
132.0000,15.1000,80.4000
132.5000,14.8600,80.1000
133.0000,15.0000,80.0400
133.5000,14.7300,79.9000
134.0000,14.9600,80.2300
134.5000,15.0000,80.3300
135.0000,15.1300,80.6300
135.5000,15.1600,80.3700
136.0000,15.1300,80.2300
136.5000,15.3000,80.5000
137.0000,15.3000,80.3000
137.5000,15.2300,80.3000
138.0000,15.2300,80.3300
138.5000,15.3000,80.0700
139.0000,15.3000,80.3700
139.5000,15.4000,80.4700
140.0000,15.3000,80.2700
140.5000,15.2600,79.9700
141.0000,15.5300,80.4700
141.5000,15.6300,80.5000
142.0000,15.3600,80.2300
142.5000,15.4300,80.2700
143.0000,15.5300,79.9700
143.5000,15.5600,80.1000
144.0000,15.5600,80.2000
144.5000,15.6900,80.7600
145.0000,16.0600,81.0900
145.5000,15.7300,79.8000
146.0000,15.8300,80.0700
146.5000,15.8900,80.1300
147.0000,15.8900,79.6700
147.5000,16.0900,80.4700
148.0000,15.9300,80.4700
148.5000,16.0900,80.6000
149.0000,16.2600,80.8600
149.5000,16.8300,81.6200
150.0000,16.7600,80.8000
150.5000,16.6300,80.3300
151.0000,16.5900,80.2700
151.5000,16.7600,80.1000
152.0000,16.8600,80.1700
152.5000,16.7600,79.8000
153.0000,16.4900,79.5400
153.5000,16.2600,79.0800
154.0000,16.2300,79.0800
154.5000,16.6900,79.7400
155.0000,17.0900,79.9400
155.5000,17.3300,79.9700
156.0000,17.3600,80.1700
156.5000,17.8600,81.8200
157.0000,17.9300,81.5600
157.5000,17.7900,80.7300
158.0000,17.8300,80.2700
158.5000,17.5900,79.9700
159.0000,17.1600,79.3700
159.5000,17.6900,80.3300
160.0000,18.2600,80.9300
160.5000,16.3600,76.3000
161.0000,14.6300,75.8700
161.5000,18.1900,82.8100
162.0000,19.4900,82.6500
162.5000,18.3300,80.2000
163.0000,17.8900,79.3100
163.5000,18.0900,79.8400
164.0000,18.5200,80.0700
164.5000,18.3900,79.7400
165.0000,18.7200,80.6000
165.5000,18.7900,80.3700
166.0000,18.8600,80.3700
166.5000,19.0200,80.7600
167.0000,19.2200,80.7600
167.5000,19.2200,80.6000
168.0000,19.2600,80.5600
168.5000,19.2200,80.6000
169.0000,19.4200,80.8000
169.5000,19.5600,80.8000
170.0000,19.7200,80.7000
170.5000,19.7900,80.7000
171.0000,19.4600,79.7400
171.5000,19.0600,79.3100
172.0000,19.5900,80.6600
172.5000,20.0200,81.3300
173.0000,20.2600,81.3900
173.5000,20.1200,80.8300
174.0000,20.1600,81.1300
174.5000,20.2600,81.3600
175.0000,20.4200,80.9300
175.5000,19.8600,80.2700
176.0000,20.7900,82.0900
176.5000,20.4600,80.7600
177.0000,18.9900,78.7400
177.5000,19.4600,79.8000
178.0000,20.3900,81.3900
178.5000,20.7600,81.6600
179.0000,21.0500,81.6200
179.5000,20.4900,79.9400
180.0000,23.6200,79.2100
180.5000,21.3200,74.7400
181.0000,19.9600,41.8100
181.5000,18.4600,7.4700
182.0000,21.0500,8.8900
182.5000,21.8900,7.7000
183.0000,21.4900,7.1700
183.5000,21.2500,5.2800
184.0000,21.4900,4.8800
184.5000,21.8500,4.7500
185.0000,22.1200,4.9800
185.5000,22.3200,4.5900
186.0000,22.5200,5.0200
186.5000,22.7500,5.4100
187.0000,22.9500,3.8600
187.5000,23.1200,3.4900
188.0000,23.3900,3.7300
188.5000,23.6200,4.0600
189.0000,23.8200,3.4900
189.5000,23.8200,3.4900
190.0000,24.0200,3.3000
190.5000,24.2200,3.4900
191.0000,24.3800,3.8600
191.5000,24.6500,3.4900
192.0000,24.7200,3.2000
192.5000,24.9200,2.9300
193.0000,25.0500,3.1300
193.5000,25.1200,2.5300
194.0000,25.0800,2.3000
194.5000,25.1500,2.5700
195.0000,25.6200,2.4700
195.5000,25.7200,2.2400
196.0000,25.7200,2.8700
196.5000,25.8800,2.6300
197.0000,25.9800,2.8000
197.5000,26.1500,2.3700
198.0000,26.1800,2.5700
198.5000,26.3800,2.5700
199.0000,26.5100,2.4400
199.5000,26.6500,2.6300
200.0000,26.8800,2.7300
200.5000,26.8500,2.3400
201.0000,25.9500,0.7100
201.5000,26.0800,0.7500
202.0000,25.0500,1.0100
202.5000,25.8500,2.5300
203.0000,27.7100,4.4900
203.5000,27.9100,2.9300
204.0000,27.9100,3.3900
204.5000,28.6100,3.7600
205.0000,28.2800,2.1400
205.5000,28.2500,2.0700
206.0000,28.3500,2.4000
206.5000,28.4800,2.0400
207.0000,28.6500,2.0100
207.5000,28.8100,1.9700
208.0000,28.7800,1.8400
208.5000,28.9800,2.1000
209.0000,29.0800,2.2400
209.5000,29.1100,2.2400
210.0000,29.2100,1.8700
210.5000,29.4100,1.9700
211.0000,29.6400,2.0100
211.5000,29.1800,1.3100
212.0000,29.8400,2.5700
212.5000,29.9100,1.5700
213.0000,29.3800,1.3400
213.5000,29.9100,2.1000
214.0000,31.0100,3.1600
214.5000,30.5400,1.2400
215.0000,30.4800,1.4100
215.5000,30.8800,2.1000
216.0000,30.0400,1.3800
216.5000,30.2100,1.6400
217.0000,30.7800,2.2400
217.5000,32.5400,3.1300
218.0000,31.6100,1.6700
218.5000,32.6700,3.5600
219.0000,32.7400,2.2400
219.5000,31.9700,1.2800
220.0000,31.8100,1.2800
220.5000,31.9400,1.5100
221.0000,31.8400,1.4400
221.5000,31.6400,1.2800
222.0000,31.6400,0.9500
222.5000,31.7400,1.2400
223.0000,31.8400,1.2100
223.5000,31.6800,0.8100
224.0000,31.8700,1.2100
224.5000,32.1400,1.2800
225.0000,32.2100,1.2100
225.5000,32.2100,1.4400
226.0000,32.3400,1.8100
226.5000,32.4400,1.6400
227.0000,32.3700,1.4800
227.5000,32.3100,1.1800
228.0000,32.4700,1.3400
228.5000,32.6100,1.2100
229.0000,32.5400,1.3400
229.5000,32.8400,1.5100
230.0000,32.8400,1.1400
230.5000,32.8400,1.1400
231.0000,32.9700,1.2100
231.5000,33.0700,1.2400
232.0000,33.0100,1.0800
232.5000,33.1100,1.0800
233.0000,33.3100,1.4100
233.5000,33.3400,1.1400
234.0000,33.5400,1.3100
234.5000,33.5700,1.2400
235.0000,33.5700,1.3400
235.5000,33.6400,1.5100
236.0000,33.6400,1.0500
236.5000,33.3400,0.8800
237.0000,33.2700,0.7800
237.5000,34.1700,2.5700
238.0000,33.7100,0.9500
238.5000,33.9100,0.8800
239.0000,33.7400,0.5500
239.5000,33.9100,0.9800
240.0000,33.8700,0.8100
240.5000,33.9100,0.7800
241.0000,33.9400,0.7800
241.5000,34.0400,0.8500
242.0000,34.0100,0.8800
242.5000,34.0100,0.8100
243.0000,34.1100,0.8500
243.5000,34.1100,0.8100
244.0000,34.0700,0.8100
244.5000,34.1100,0.9500
245.0000,34.2100,0.8100
245.5000,34.1100,0.8800
246.0000,34.1400,0.8100
246.5000,34.2100,0.8100
247.0000,34.2400,0.7800
247.5000,34.2100,0.8500
248.0000,34.2400,0.8500
248.5000,34.2400,0.9800
249.0000,34.3700,0.9500
249.5000,34.3400,0.8100
250.0000,34.3100,0.9800
250.5000,34.2700,0.7500
251.0000,34.2100,0.8500
251.5000,34.1700,0.7100
252.0000,34.2700,0.9100
252.5000,34.2700,0.8500
253.0000,34.2700,0.7500
253.5000,34.2100,0.9100
254.0000,34.2100,0.9500
254.5000,34.1700,0.7100
255.0000,34.0700,0.8500
255.5000,34.1700,1.0100
256.0000,34.1400,0.9800
256.5000,34.0700,0.8800
257.0000,34.5700,1.0500
257.5000,34.3100,1.0500
258.0000,34.0400,1.0800
258.5000,33.9400,1.0100
259.0000,33.9700,0.9800
259.5000,34.0400,1.1100
260.0000,34.0100,1.2100
260.5000,33.9700,1.3100
261.0000,34.0400,1.2400
261.5000,33.9100,0.7500
262.0000,33.6400,0.7500
262.5000,33.8700,1.2100
263.0000,33.8400,1.1400
263.5000,33.8100,1.1400
264.0000,33.7700,0.9800
264.5000,33.7100,1.0100
265.0000,33.6700,1.0800
265.5000,33.6400,1.0100
266.0000,33.5700,0.7100
266.5000,33.4400,0.8100
267.0000,33.5100,0.9800
267.5000,33.5100,0.9800
268.0000,33.2400,0.5800
268.5000,33.3100,1.1100
269.0000,33.3400,1.1100
269.5000,33.6400,1.4800
270.0000,33.4400,2.0700
270.5000,33.6400,21.9600
271.0000,34.3400,59.7200
271.5000,34.0700,68.1200
272.0000,33.9400,69.2500
272.5000,34.0100,73.8500
273.0000,33.9700,75.6300
273.5000,33.5400,74.5400
274.0000,33.2700,74.7700
274.5000,33.0100,76.2300
275.0000,33.1100,78.4500
275.5000,33.0400,78.1500
276.0000,32.6400,77.7800
276.5000,32.6400,78.7100
277.0000,32.6400,78.2500
277.5000,32.5700,77.9800
278.0000,32.5400,78.1800
278.5000,32.6100,77.7800
279.0000,32.9400,78.0800
279.5000,33.2400,78.9800
280.0000,32.8700,78.8800
280.5000,32.5400,79.4100
281.0000,32.1400,79.2400
281.5000,32.1400,78.7400
282.0000,32.0700,78.9100
282.5000,32.0100,78.9100
283.0000,31.9400,78.5100
283.5000,31.8700,78.6800
284.0000,31.7700,78.5500
284.5000,31.6800,78.1500
285.0000,31.5800,78.8800
285.5000,31.3800,78.8100
286.0000,31.3400,78.6800
286.5000,31.3400,78.8400
287.0000,31.2400,78.5500
287.5000,31.1800,78.7100
288.0000,31.1100,78.3800
288.5000,31.0100,78.7400
289.0000,30.8800,78.9800
289.5000,30.8400,79.0400
290.0000,30.8100,79.3700
290.5000,30.7800,78.8800
291.0000,30.6800,78.4100
291.5000,30.5800,78.7100
292.0000,30.5800,78.8800
292.5000,30.5100,79.3100
293.0000,30.4100,79.4700
293.5000,30.3100,79.4100
294.0000,30.2400,79.3400
294.5000,30.1800,79.4400
295.0000,30.0400,79.7400
295.5000,29.8400,79.4400
296.0000,29.9100,79.3700
296.5000,30.0100,79.5700
297.0000,29.7400,79.3700
297.5000,29.6800,79.5400
298.0000,29.6400,79.7700
298.5000,29.3400,79.4100
299.0000,29.4800,79.6000
299.5000,29.5100,79.4400
300.0000,29.5100,79.4400
300.5000,29.5100,79.2700
301.0000,29.4100,79.2700
301.5000,29.2800,79.4400
302.0000,29.2800,79.2700
302.5000,29.2800,79.5400
303.0000,29.3400,79.7000
303.5000,29.2100,79.5700
304.0000,29.2400,79.3100
304.5000,29.1400,79.3400
305.0000,29.1400,79.5400
305.5000,29.0100,79.7400
306.0000,28.9500,79.8000
306.5000,28.7800,79.7700
307.0000,28.7100,79.5100
307.5000,28.7500,79.6700
308.0000,28.8100,79.5700
308.5000,28.7500,79.7400
309.0000,28.4800,79.7000
309.5000,28.0800,79.1100
310.0000,28.2500,79.2400
310.5000,28.3100,79.4400
311.0000,28.3800,79.4700
311.5000,28.5100,79.5100
312.0000,28.5800,79.5700
312.5000,28.5500,79.5100
313.0000,28.5500,79.5100
313.5000,28.5500,79.6400
314.0000,28.3800,79.4100
314.5000,28.5800,79.6700
315.0000,28.0800,79.4700
315.5000,28.2500,79.4400
316.0000,27.1800,79.0800
316.5000,28.4800,80.0400
317.0000,28.6500,79.6700
317.5000,28.1800,79.6000
318.0000,27.0100,78.9800
318.5000,27.0500,79.0100
319.0000,27.9500,80.0700
319.5000,28.1100,80.5600
320.0000,28.2800,79.8000
320.5000,28.1800,79.8000
321.0000,28.1500,79.7700
321.5000,28.1800,79.6000
322.0000,28.1500,79.5100
322.5000,28.2500,79.7000
323.0000,28.2100,79.7000
323.5000,28.0500,79.9000
324.0000,28.1800,80.1300
324.5000,28.1100,79.9700
325.0000,28.0500,79.9700
325.5000,27.8800,80.1700
326.0000,27.7500,80.3300
326.5000,27.6500,80.2000
327.0000,27.9800,80.1700
327.5000,28.0500,80.1000
328.0000,28.2500,79.8400
328.5000,28.1800,80.1700
329.0000,28.1500,80.2000
329.5000,28.2100,80.0000
330.0000,28.1100,79.8000
330.5000,28.2100,79.8400
331.0000,28.3500,79.6400
331.5000,28.3500,79.9000
332.0000,28.3100,79.9400
332.5000,28.2100,80.0700
333.0000,28.2800,79.9700
333.5000,28.4800,79.8700
334.0000,28.6100,79.7000
334.5000,28.4100,79.7000
335.0000,28.4800,79.8000
335.5000,28.3800,79.8700
336.0000,28.6500,79.8700
336.5000,28.8100,79.8700
337.0000,28.9100,79.7400
337.5000,28.9500,79.5700
338.0000,29.0100,79.8000
338.5000,29.1100,79.8000
339.0000,29.1100,79.9000
339.5000,29.2400,79.9000
340.0000,29.2100,79.9000
340.5000,29.1800,79.6400
341.0000,29.2400,79.7400
341.5000,29.3400,79.8400
342.0000,29.4100,79.8700
342.5000,29.4100,79.7000
343.0000,29.4800,79.8000
343.5000,29.5100,79.7400
344.0000,29.5800,79.7400
344.5000,29.7400,80.1000
345.0000,29.7800,79.7400
345.5000,29.4800,79.5700
346.0000,29.5800,79.7400
346.5000,29.8800,79.8000
347.0000,30.5400,80.7300
347.5000,31.3800,81.8200
348.0000,30.7400,80.4300
348.5000,30.2800,79.7700
349.0000,30.2400,79.7700
349.5000,30.2800,79.6000
350.0000,30.4100,79.8700
350.5000,30.1800,79.7400
351.0000,30.3800,79.7700
351.5000,30.4800,79.8000
352.0000,30.6100,79.8400
352.5000,30.6400,79.7400
353.0000,30.6800,79.7000
353.5000,30.8400,79.9400
354.0000,30.9100,79.9700
354.5000,30.9400,79.8400
355.0000,31.1100,79.9000
355.5000,31.1800,79.9400
356.0000,31.2100,79.8400
356.5000,31.2800,79.8700
357.0000,31.3800,79.7700
357.5000,31.4800,79.7000
358.0000,31.5800,79.7700
358.5000,31.6100,79.8000
359.0000,31.3100,79.7700
359.5000,31.0800,76.9600
360.0000,31.1800,74.3400
360.5000,31.0800,53.2300
361.0000,30.0100,17.9600
361.5000,29.2100,11.3400
362.0000,30.4400,13.1200
362.5000,30.8800,9.1500
363.0000,31.2800,8.4600
363.5000,31.6800,9.0500
364.0000,31.6800,8.3900
364.5000,32.0700,6.4400
365.0000,32.1100,6.6000
365.5000,32.2100,5.6800
366.0000,32.7400,5.3100
366.5000,32.6100,4.9800
367.0000,32.9700,6.0100
367.5000,33.1100,6.8400
368.0000,33.3100,5.3500
368.5000,33.3400,4.3900
369.0000,33.5100,5.0800
369.5000,33.9700,3.6300
370.0000,33.9100,3.0000
370.5000,33.9700,3.7900
371.0000,34.1700,3.8300
371.5000,34.0400,3.2600
372.0000,34.0700,4.4500
372.5000,34.2400,3.5600
373.0000,34.4000,3.5600
373.5000,34.4700,3.0600
374.0000,34.6700,3.3900
374.5000,34.9000,3.5900
375.0000,34.9000,3.4600
375.5000,35.0000,3.9600
376.0000,35.1000,3.3300
376.5000,35.1400,3.1600
377.0000,35.2400,3.2000
377.5000,35.2700,2.6700
378.0000,35.4400,2.8700
378.5000,35.4700,3.0000
379.0000,35.6400,2.8300
379.5000,35.8700,2.4700
380.0000,35.8400,2.3400
380.5000,35.9400,2.6000
381.0000,36.1000,2.3000
381.5000,36.2000,2.3400
382.0000,36.3000,2.3400
382.5000,36.4000,2.1700
383.0000,36.4700,2.2700
383.5000,36.5700,2.2700
384.0000,36.7400,2.1400
384.5000,36.8400,2.5700
385.0000,36.9700,2.6300
385.5000,37.0000,2.0700
386.0000,37.1300,2.2700
386.5000,37.2300,2.3400
387.0000,37.3300,2.2400
387.5000,37.4000,2.1400
388.0000,37.5300,1.8700
388.5000,37.5300,1.8400
389.0000,37.6300,2.3400
389.5000,37.8300,1.9400
390.0000,37.8300,1.8100
390.5000,37.6700,2.1000
391.0000,38.0300,2.1700
391.5000,38.1000,2.2000
392.0000,38.1700,2.1400
392.5000,38.3000,2.4000
393.0000,38.4700,2.1700
393.5000,38.4300,2.0100
394.0000,38.4700,2.2000
394.5000,38.8700,2.6300
395.0000,38.8700,2.4400
395.5000,38.9300,2.2700
396.0000,39.0300,1.9700
396.5000,39.0300,2.0100
397.0000,39.1000,2.0400
397.5000,39.1700,2.0100
398.0000,39.3000,1.8700
398.5000,39.3000,1.6700
399.0000,39.3700,1.7400
399.5000,39.5000,1.7700
400.0000,39.4700,1.6700
400.5000,39.6000,1.8400
401.0000,39.8000,1.5700
401.5000,39.7000,1.4800
402.0000,39.8600,1.5100
402.5000,39.9000,1.3400
403.0000,39.9300,1.3100
403.5000,39.9600,1.7100
404.0000,40.0000,1.7400
404.5000,40.0600,1.4100
405.0000,40.1000,1.3100
405.5000,40.1300,1.5700
406.0000,40.2600,1.5700
406.5000,40.2600,1.3800
407.0000,40.3000,1.5400
407.5000,40.4000,1.5100
408.0000,40.5000,1.3800
408.5000,40.4600,1.2800
409.0000,40.4300,1.3400
409.5000,40.3300,1.4800
410.0000,40.6300,1.7700
410.5000,40.4000,1.3400
411.0000,40.5000,1.6700
411.5000,40.7300,2.1400
412.0000,40.7000,1.3800
412.5000,40.7300,1.3100
413.0000,40.7300,1.6400
413.5000,40.8300,1.6400
414.0000,40.9000,1.7400
414.5000,40.9300,1.5400
415.0000,40.9000,1.2100
415.5000,40.9000,1.2400
416.0000,40.7600,1.1100
416.5000,40.7300,1.2400
417.0000,40.8000,1.3800
417.5000,40.7000,1.1400
418.0000,40.4600,0.8100
418.5000,40.2300,1.1400
419.0000,40.7300,1.3100
419.5000,40.6300,0.7800
420.0000,40.7300,1.5700
420.5000,40.9300,1.6100
421.0000,40.9300,1.3800
421.5000,40.9000,1.3800
422.0000,41.0600,1.7700
422.5000,41.0000,1.3800
423.0000,40.9600,1.3100
423.5000,41.0600,1.4800
424.0000,41.0600,1.4800
424.5000,41.0300,1.4400
425.0000,41.0000,1.2400
425.5000,40.9600,1.1400
426.0000,41.0000,1.3100
426.5000,40.9600,1.1400
427.0000,40.9600,1.2100
427.5000,40.9300,1.3100
428.0000,40.9300,1.1800
428.5000,40.9300,1.1100
429.0000,40.9000,1.2100
429.5000,40.9000,1.4400
430.0000,40.9000,1.3400
430.5000,40.8300,0.9800
431.0000,40.8000,0.9800
431.5000,40.8300,1.1100
432.0000,40.7600,1.1100
432.5000,40.8000,1.2400
433.0000,40.7300,1.1800
433.5000,40.7000,1.2400
434.0000,40.6600,1.3100
434.5000,40.7000,1.4100
435.0000,40.6600,1.3800
435.5000,40.6000,1.2800
436.0000,40.6000,1.3400
436.5000,40.5300,1.2400
437.0000,40.5000,1.1800
437.5000,40.4300,1.2400
438.0000,40.5000,1.3800
438.5000,40.4000,1.0500
439.0000,40.3300,1.0500
439.5000,40.3300,1.1100
440.0000,40.2600,1.0800
440.5000,40.2300,1.4100
441.0000,40.5300,0.5200
441.5000,39.1300,0.0500
442.0000,40.7000,2.3700
442.5000,39.8300,0.1900
443.0000,39.4000,0.5500
443.5000,39.9600,1.8700
444.0000,40.1300,1.4800
444.5000,39.9000,1.1100
445.0000,39.8300,1.1100
445.5000,39.7000,1.1100
446.0000,39.6700,1.0500
446.5000,39.6700,1.1800
447.0000,40.0600,1.3100
447.5000,39.5300,0.8500
448.0000,39.4300,0.8500
448.5000,39.1300,0.6800
449.0000,39.5000,1.3800
449.5000,39.1700,0.8800
450.0000,39.2000,1.0500
450.5000,39.2000,1.1800
451.0000,39.1000,0.9800
451.5000,39.1000,0.9800
452.0000,39.0300,0.9800
452.5000,38.9300,1.0100
453.0000,38.8300,1.1100
453.5000,39.0300,1.3400
454.0000,39.1300,1.1400
454.5000,38.8000,1.5400
455.0000,38.4700,2.2000
455.5000,38.6700,5.8800
456.0000,39.3000,40.2300
456.5000,39.2300,51.9100
457.0000,38.8000,60.8800
457.5000,39.2300,61.5400
458.0000,39.7600,68.8800
458.5000,39.4300,74.1800
459.0000,38.1300,74.0500
459.5000,36.9700,72.8900
460.0000,38.7000,75.5300
460.5000,38.3700,76.1600
461.0000,38.1000,75.6700
461.5000,37.9000,75.7000
462.0000,37.8000,76.4600
462.5000,37.6700,77.1900
463.0000,37.5300,77.9200
463.5000,37.4000,77.9500
464.0000,37.4000,78.1200
464.5000,37.1700,77.4900
465.0000,37.0700,76.7600
465.5000,36.9700,77.3200
466.0000,37.1000,77.5900
466.5000,36.8700,78.4800
467.0000,36.7000,77.9200
467.5000,36.6400,78.5100
468.0000,36.6000,78.4500
468.5000,36.4700,77.9500
469.0000,36.4000,78.0800
469.5000,36.3400,78.2100
470.0000,36.2400,77.7200
470.5000,36.1700,77.8500
471.0000,36.0700,78.2800
471.5000,35.9400,78.5100
472.0000,35.8400,78.2100
472.5000,35.7400,77.8200
473.0000,35.6400,77.3900
473.5000,35.5400,77.6500
474.0000,35.4400,77.7500
474.5000,35.3700,77.3200
475.0000,35.2400,77.3900
475.5000,35.1400,77.7800
476.0000,35.0700,77.7500
476.5000,35.0000,78.1500
477.0000,34.8700,78.2100
477.5000,34.8000,78.8800
478.0000,34.7400,79.1700
478.5000,34.7000,78.8800
479.0000,34.7700,78.8400
479.5000,34.3400,78.3100
480.0000,34.0100,77.9500
480.5000,34.0400,78.0800
481.0000,33.9100,78.0800
481.5000,33.3400,77.5500
482.0000,33.3700,77.7500
482.5000,34.4700,79.6700
483.0000,33.9700,78.0800
483.5000,34.0100,79.0100
484.0000,34.2100,78.8800
484.5000,33.6100,78.1500
485.0000,32.5400,76.3900
485.5000,32.3100,75.9600
486.0000,33.0700,77.5900
486.5000,33.5400,78.7800
487.0000,33.4400,78.7800
487.5000,33.1400,78.4100
488.0000,33.2400,78.6500
488.5000,33.1100,78.8400
489.0000,32.9400,78.6800
489.5000,33.0100,78.7100
490.0000,32.9400,78.9100
490.5000,32.8100,78.7100
491.0000,32.7700,78.6500
491.5000,32.8700,78.9400
492.0000,32.7700,78.8100
492.5000,32.6100,78.8400
493.0000,32.5100,79.1400
493.5000,32.4700,79.0100
494.0000,32.2700,79.0800
494.5000,32.0700,79.3100
495.0000,32.1100,79.3100
495.5000,32.3100,79.3100
496.0000,32.3700,79.6000
496.5000,32.3700,79.3700
497.0000,32.0700,78.8800
497.5000,31.8400,78.4800
498.0000,32.0700,79.0100
498.5000,32.1400,79.0800
499.0000,31.8100,78.4100
499.5000,31.3100,78.1200
500.0000,31.6800,78.7400
500.5000,31.9700,79.1700
501.0000,31.8700,79.0800
501.5000,31.8100,78.9800
502.0000,31.7700,78.7800
502.5000,31.8100,78.7400
503.0000,31.7400,79.1400
503.5000,31.7400,79.0800
504.0000,31.7400,78.9100
504.5000,31.8100,78.9800
505.0000,31.8400,78.8400
505.5000,31.8400,78.6500
506.0000,31.7100,78.7800
506.5000,31.5800,79.1700
507.0000,31.1100,78.8400
507.5000,31.4100,78.5100
508.0000,31.4100,78.7100
508.5000,31.5400,78.8100
509.0000,31.5800,78.8100
509.5000,31.5800,78.7400
510.0000,31.5800,78.8800
510.5000,31.6100,78.9100
511.0000,31.6100,78.5500
511.5000,31.5100,78.7100
512.0000,31.6100,78.6800
512.5000,31.6400,78.5800
513.0000,31.6100,78.4800
513.5000,31.6100,78.7800
514.0000,31.5800,78.4800
514.5000,31.6100,78.4100
515.0000,31.6400,78.8800
515.5000,31.6400,79.0400
516.0000,31.5400,79.0800
516.5000,30.3400,78.4100
517.0000,30.2100,78.1500
517.5000,31.2400,78.5800
518.0000,31.0800,77.9200
518.5000,31.2100,78.3500
519.0000,31.5400,78.6800
519.5000,31.5400,78.6500
520.0000,32.2400,79.1400
520.5000,32.0400,79.2100
521.0000,31.9400,79.0800
521.5000,32.1100,79.1400
522.0000,32.3100,79.8400
522.5000,32.5100,79.9000
523.0000,32.4400,79.3400
523.5000,32.4100,79.0800
524.0000,32.3700,78.8800
524.5000,32.3700,78.5100
525.0000,32.3700,78.3500
525.5000,32.3400,78.4800
526.0000,32.4400,78.5500
526.5000,32.4400,78.3100
527.0000,32.5100,78.5800
527.5000,32.4700,78.5500
528.0000,32.5100,78.4100
528.5000,32.5100,78.4100
529.0000,32.4700,78.7100
529.5000,32.6400,78.7800
530.0000,32.7700,78.8100
530.5000,32.7400,78.9400
531.0000,32.7400,78.8400
531.5000,32.5400,78.5800
532.0000,32.7100,78.7100
532.5000,32.6400,78.6500
533.0000,32.9100,78.8100
533.5000,33.0400,78.6500
534.0000,33.0100,78.3500
534.5000,33.2700,79.1700
535.0000,33.3100,78.4800
535.5000,33.4700,79.0400
536.0000,33.2400,78.6800
536.5000,33.0400,78.1500
537.0000,33.2700,78.5500
537.5000,33.3100,78.5100
538.0000,33.4100,78.7400
538.5000,33.5400,78.8100
539.0000,32.7400,77.3200
539.5000,33.1100,75.3400
540.0000,32.7400,74.4800
540.5000,32.7400,28.5100
541.0000,32.7400,19.6100
541.5000,32.4100,17.2600
542.0000,32.4400,13.3900
542.5000,32.8700,12.7900
543.0000,33.3700,12.1600
543.5000,33.7400,9.9500
544.0000,33.7400,6.8400
544.5000,33.6100,6.7700
545.0000,33.7700,6.8400
545.5000,33.8400,5.9800
546.0000,33.9400,5.9400
546.5000,34.0100,5.2100
547.0000,34.1700,5.7400
547.5000,34.4400,5.4500
548.0000,34.6000,3.3900
548.5000,34.7000,3.8300
549.0000,34.4700,4.9800
549.5000,34.5700,5.2100
550.0000,34.8000,4.5900
550.5000,34.6400,4.4200
551.0000,35.0000,4.3900
551.5000,34.4000,2.4700
552.0000,34.7000,3.2300
552.5000,35.1700,3.1000
553.0000,35.0000,2.4400
553.5000,35.1000,3.4300
554.0000,35.7700,3.6300
554.5000,35.9000,3.1600
555.0000,36.1000,3.5900
555.5000,36.1700,3.8300
556.0000,36.3400,3.6300
556.5000,36.4400,3.8900
557.0000,36.5000,3.1300
557.5000,36.5700,2.2400
558.0000,36.9400,2.7000
558.5000,36.8400,1.8700
559.0000,36.7700,1.9700
559.5000,36.8000,2.3000
560.0000,36.9400,2.4400
560.5000,36.8000,2.3700
561.0000,37.0700,2.4400
561.5000,37.3000,2.1000
562.0000,37.2000,1.8100
562.5000,37.3000,2.5000
563.0000,37.4300,2.0400
563.5000,37.7000,1.6400
564.0000,37.7700,2.1000
564.5000,38.0000,2.0400
565.0000,37.9000,1.7100
565.5000,38.1300,2.3000
566.0000,38.2300,2.1400
566.5000,38.2300,1.7400
567.0000,38.3000,1.9700
567.5000,38.8300,3.1600
568.0000,38.4000,1.8700
568.5000,38.1700,1.8700
569.0000,38.8000,2.6000
569.5000,38.9000,2.6700
570.0000,38.7700,2.3000
570.5000,38.6700,1.9400
571.0000,38.8300,1.8100
571.5000,38.8700,1.9400
572.0000,39.1300,1.9100
572.5000,39.0700,1.8100
573.0000,39.0300,1.8400
573.5000,38.9300,1.5400
574.0000,39.1000,1.7100
574.5000,39.1700,1.6400
575.0000,39.2000,1.4800
575.5000,39.2000,1.5400
576.0000,38.9700,1.6700
576.5000,39.1000,1.4100
577.0000,39.2700,1.1800
577.5000,39.5300,1.7100
578.0000,39.6000,1.7100
578.5000,39.7300,1.4100
579.0000,40.1000,1.6100
579.5000,40.1300,1.3800
580.0000,39.7600,1.2100
580.5000,40.2300,1.6100
581.0000,40.5300,1.9100
581.5000,40.4000,1.6700
582.0000,40.6000,1.5400
582.5000,40.7000,1.6400
583.0000,40.5000,1.5100
583.5000,40.5600,1.2100
584.0000,40.7600,1.4800
584.5000,41.0000,1.8700
585.0000,41.0300,1.5700
585.5000,40.9600,1.5400
586.0000,40.9300,1.5700
586.5000,40.9600,1.4400
587.0000,40.8000,1.2800
587.5000,40.6300,1.1400
588.0000,40.4000,1.0500
588.5000,39.4700,0.4200
589.0000,40.4300,1.1800
589.5000,40.5000,1.5100
590.0000,40.1600,1.3400
590.5000,40.7300,1.6100
591.0000,40.9000,1.7400
591.5000,40.8000,1.5400
592.0000,40.8000,1.5400
592.5000,40.9600,1.5400
593.0000,41.0000,1.7700
593.5000,41.1300,1.9700
594.0000,40.9300,1.9700
594.5000,41.0600,1.9700
595.0000,40.8000,1.8400
595.5000,41.0000,1.7100
596.0000,41.2300,1.7700
596.5000,41.4000,2.0100
597.0000,41.5600,1.8700
597.5000,41.4300,1.6400
598.0000,41.3600,1.5700
598.5000,41.5300,1.9400
599.0000,41.5000,1.5100
599.5000,41.4000,1.3800
600.0000,41.4000,1.5700
600.5000,41.4600,1.5100
601.0000,41.3600,1.3800
601.5000,41.4000,1.5700
602.0000,41.4600,1.7100
602.5000,41.4300,1.6400
603.0000,41.3600,1.4800
603.5000,41.4300,1.6100
604.0000,41.4300,1.6700
604.5000,41.3600,1.6100
605.0000,41.4300,1.7400
605.5000,41.4300,1.3800
606.0000,41.3600,1.3400
606.5000,41.3300,1.1400
607.0000,41.3600,1.1100
607.5000,41.3300,1.1800
608.0000,41.3000,1.2800
608.5000,41.2300,1.3400
609.0000,41.2300,1.3100
609.5000,41.2300,1.3400
610.0000,41.2600,1.3400
610.5000,41.1600,1.2400
611.0000,41.1300,1.1800
611.5000,41.1300,1.3400
612.0000,41.1600,1.5100
612.5000,41.1300,1.4800
613.0000,40.9300,0.8800
613.5000,40.9600,1.0800
614.0000,40.9300,1.2100
614.5000,41.0000,1.2800
615.0000,40.9600,1.2400
615.5000,40.8300,1.1400
616.0000,40.8600,1.3100
616.5000,40.8000,1.0800
617.0000,40.7000,1.0500
617.5000,40.6600,1.0500
618.0000,40.7000,1.1800
618.5000,40.6300,1.1400
619.0000,40.5300,0.9800
619.5000,40.5300,1.1100
620.0000,40.5300,1.0500
620.5000,40.5600,1.2100
621.0000,40.5300,1.2100
621.5000,40.4000,1.1400
622.0000,40.2600,1.0100
622.5000,40.2300,1.1800
623.0000,40.3300,1.2400
623.5000,40.1600,0.8500
624.0000,40.0000,1.0100
624.5000,40.2600,1.2100
625.0000,40.0000,1.0500
625.5000,40.0300,1.1100
626.0000,39.8600,0.9100
626.5000,39.9300,1.0800
627.0000,39.8300,1.0100
627.5000,40.2300,1.4800
628.0000,37.2000,-3.2600
628.5000,38.3000,0.7500
629.0000,38.9000,1.6400
629.5000,39.7000,1.6400
630.0000,39.3700,2.0100
630.5000,39.3700,2.5300
631.0000,39.5300,38.4400
631.5000,40.3600,57.2700
632.0000,40.6000,62.6300
632.5000,40.3000,67.4900
633.0000,40.1300,73.1500
633.5000,39.8600,74.5700
634.0000,39.6300,75.0700
634.5000,39.4000,75.3400
635.0000,39.2300,74.9700
635.5000,39.0700,74.5400
636.0000,38.9300,74.8400
636.5000,38.8000,75.4400
637.0000,38.6300,75.4700
637.5000,38.5300,75.8700
638.0000,38.4000,75.5300
638.5000,38.3300,76.1600
639.0000,38.2300,75.7700
639.5000,38.1700,76.2000
640.0000,38.0700,76.9200
640.5000,37.9300,76.8600
641.0000,37.9700,76.6300
641.5000,37.9300,76.6600
642.0000,37.8300,76.9900
642.5000,37.6700,76.3000
643.0000,37.5000,76.9900
643.5000,37.5000,77.2900
644.0000,37.4300,77.5900
644.5000,37.3300,77.4200
645.0000,37.2000,77.2900
645.5000,37.1000,77.4500
646.0000,37.0000,77.5500
646.5000,36.8400,77.5200
647.0000,36.7400,77.8500
647.5000,36.7000,77.7500
648.0000,36.6400,77.6500
648.5000,36.5700,77.8200
649.0000,36.4700,77.4500
649.5000,36.3700,77.6200
650.0000,36.2400,77.9500
650.5000,36.2000,78.0500
651.0000,36.1400,77.7200
651.5000,35.9400,77.5200
652.0000,35.9400,77.7200
652.5000,35.8000,77.4900
653.0000,35.8400,78.2100
653.5000,35.7400,78.2800
654.0000,35.7000,77.9500
654.5000,35.6400,77.8200
655.0000,35.6000,77.5200
655.5000,35.5000,77.5500
656.0000,35.6700,77.7500
656.5000,36.6700,78.1200
657.0000,34.3400,77.4200
657.5000,34.3100,77.3200
658.0000,34.9400,77.9500
658.5000,34.9400,77.6500
659.0000,34.8400,77.7800
659.5000,34.7400,77.9500
660.0000,34.7700,77.7500
660.5000,34.7400,77.6200
661.0000,34.6700,77.8200
661.5000,34.6400,77.7200
662.0000,34.6000,77.5900
662.5000,34.5400,77.7500
663.0000,34.4700,77.7200
663.5000,34.4000,77.7200
664.0000,34.3700,77.6900
664.5000,34.2100,77.8200
665.0000,34.0700,77.7500
665.5000,33.9700,77.7800
666.0000,33.9100,77.9500
666.5000,33.9100,78.1500
667.0000,33.8100,77.9200
667.5000,33.7700,77.8800
668.0000,34.1400,78.2500
668.5000,34.0100,78.1500
669.0000,33.8700,78.2800
669.5000,33.8100,78.1500
670.0000,33.6700,78.2500
670.5000,33.5100,78.2100
671.0000,33.3700,78.2500
671.5000,33.5400,78.3800
672.0000,33.6100,78.4100
672.5000,33.2700,78.0200
673.0000,32.6100,77.1600
673.5000,31.9700,76.8900
674.0000,31.3400,76.5900
674.5000,33.7100,79.6000
675.0000,33.2700,78.5100
675.5000,33.1100,78.4500
676.0000,32.7700,78.0500
676.5000,33.0400,78.3100
677.0000,33.4700,78.7100
677.5000,33.2100,78.8100
678.0000,32.8700,78.8400
678.5000,32.6400,78.6500
679.0000,32.2100,77.1200
679.5000,32.0700,74.5400
680.0000,32.2400,74.2100
680.5000,32.1700,74.6400
681.0000,32.2700,76.7300
681.5000,32.3100,77.5200
682.0000,32.3700,77.5900
682.5000,32.3700,78.6100
683.0000,32.4100,78.7400
683.5000,32.5400,78.5500
684.0000,32.5400,78.4800
684.5000,32.5400,78.4100
685.0000,32.4700,78.4800
685.5000,32.4100,78.4500
686.0000,32.4400,79.1700
686.5000,32.5100,79.1400
687.0000,32.7700,79.6400
687.5000,32.8400,79.4700
688.0000,32.4700,78.9800
688.5000,32.3700,78.8800
689.0000,32.4100,78.7400
689.5000,32.4400,78.8800
690.0000,32.3700,79.0100
690.5000,32.5100,78.8400
691.0000,32.9700,78.3800
691.5000,33.0700,78.0800
692.0000,33.0700,78.0800
692.5000,33.0400,78.2100
693.0000,33.0400,78.1800
693.5000,33.0700,78.2500
694.0000,33.0400,78.2800
694.5000,33.0700,78.1200
695.0000,33.0400,78.3500
695.5000,32.8400,78.6800
696.0000,32.8400,78.6800
696.5000,32.7100,78.8400
697.0000,32.7700,78.8100
697.5000,32.9100,78.6500
698.0000,32.9700,78.5500
698.5000,32.9100,78.7800
699.0000,33.1400,78.4100
699.5000,32.9700,78.6800
700.0000,32.9700,78.6500
700.5000,33.0400,78.6800
701.0000,33.0400,78.6100
701.5000,33.1100,78.5500
702.0000,33.0700,78.6500
702.5000,33.1100,78.5800
703.0000,33.2100,78.5800
703.5000,33.1700,78.7400
704.0000,33.1400,78.7800
704.5000,33.3100,78.8400
705.0000,33.3400,78.8100
705.5000,33.4100,78.6800
706.0000,33.4100,78.8800
706.5000,33.4700,78.9100
707.0000,33.5400,78.9100
707.5000,33.5400,79.0100
708.0000,33.6100,78.9800
708.5000,33.6700,78.8800
709.0000,33.8100,79.0800
709.5000,34.0400,78.7800
710.0000,34.0100,78.8100
710.5000,33.9700,78.9100
711.0000,34.1100,78.7100
711.5000,34.2100,78.6800
712.0000,34.2400,78.5800
712.5000,34.2400,78.8400
713.0000,34.2700,78.9400
713.5000,34.2700,78.8400
714.0000,34.3700,78.8100
714.5000,34.4000,78.6800
715.0000,34.5400,78.6800
715.5000,34.5000,78.7400
716.0000,34.5400,78.8400
716.5000,34.9000,79.2100
717.0000,34.8700,78.8100
717.5000,34.7400,78.8400
718.0000,34.6700,78.7400
718.5000,35.0000,77.2600
719.0000,34.3400,70.4700
719.5000,32.7100,61.1700
720.0000,34.4000,18.8200
720.5000,34.7000,13.8800
721.0000,35.0700,15.2400
721.5000,35.3400,15.2400
722.0000,35.0700,11.4700
722.5000,35.0000,8.1300
723.0000,34.9700,4.7500
723.5000,35.2000,6.0100
724.0000,35.2000,6.8400
724.5000,35.4000,6.7400
725.0000,35.6700,6.1400
725.5000,35.7400,5.6500
726.0000,35.9400,3.6900
726.5000,35.7700,4.0600
727.0000,35.7400,4.4500
727.5000,36.4400,4.7200
728.0000,36.3700,4.8500
728.5000,36.4400,5.5800
729.0000,36.7000,6.3700
729.5000,36.7400,6.3100
730.0000,36.6700,5.5500
730.5000,37.5300,4.7500
731.0000,36.4000,3.3900
731.5000,36.3700,3.4600
732.0000,36.9000,3.7900
732.5000,37.4000,4.6200
733.0000,37.5000,5.1200
733.5000,37.5700,5.3100
734.0000,37.7700,5.6500
734.5000,37.7000,4.9200
735.0000,37.8300,4.3500
735.5000,37.8000,4.1600
736.0000,37.7300,3.6300
736.5000,38.0300,3.8900
737.0000,37.9300,3.4300
737.5000,38.0000,3.9600
738.0000,38.3300,4.0200
738.5000,38.0300,3.8600
739.0000,38.4700,4.4200
739.5000,38.6700,4.9800
740.0000,38.9000,5.0800
740.5000,38.9700,4.6900
741.0000,38.9700,4.3200
741.5000,39.1300,4.0200
742.0000,39.1700,3.4600
742.5000,39.1300,2.8300
743.0000,39.2700,3.0600
743.5000,39.1700,2.4000
744.0000,39.0300,1.4400
744.5000,38.2300,2.5300
745.0000,38.9000,3.4300
745.5000,38.4300,2.1400
746.0000,38.3700,3.3300
746.5000,39.1300,3.9200
747.0000,39.6000,3.8600
747.5000,39.7300,3.3900
748.0000,39.5700,2.5700
748.5000,39.4700,2.7700
749.0000,39.7300,3.1300
749.5000,39.7300,3.0600
750.0000,40.4300,3.0000
750.5000,40.8000,3.0000
751.0000,40.6300,2.0400
751.5000,40.7600,2.2700
752.0000,40.8000,2.2700
752.5000,40.6000,1.9400
753.0000,40.5600,2.3000
753.5000,41.0600,2.6300
754.0000,41.0600,1.6700
754.5000,40.8300,1.5700
755.0000,40.9300,2.0700
755.5000,41.2000,2.3400
756.0000,41.4000,2.5700
756.5000,41.4600,2.3400
757.0000,41.4000,2.3000
757.5000,41.5000,1.8400
758.0000,41.6000,2.1400
758.5000,41.4000,2.4700
759.0000,41.6600,2.7700
759.5000,41.6300,2.2400
760.0000,41.4300,2.1400
760.5000,41.5600,2.3000
761.0000,41.6000,2.4000
761.5000,41.5600,2.7300
762.0000,41.8600,3.0300
762.5000,42.2300,2.6000
763.0000,42.2600,2.3700
763.5000,42.2300,2.2700
764.0000,42.2300,2.5300
764.5000,42.2600,2.6700
765.0000,42.2600,2.1000
765.5000,42.2600,2.2700
766.0000,42.2600,2.3400
766.5000,42.3000,2.4400
767.0000,42.3300,1.8100
767.5000,42.3300,1.6100
768.0000,42.3900,1.6100
768.5000,42.4300,1.6700
769.0000,42.4600,2.0700
769.5000,42.4600,2.2700
770.0000,42.4900,2.5300
770.5000,42.4900,2.5000
771.0000,42.6900,2.9000
771.5000,42.6600,2.5300
772.0000,42.6600,2.6700
772.5000,42.5900,2.7300
773.0000,42.4900,2.5300
773.5000,42.6300,2.6700
774.0000,41.7600,1.2400
774.5000,40.0300,-0.5800
775.0000,41.2000,2.8000
775.5000,42.3900,3.3000
776.0000,42.4600,2.4700
776.5000,42.3600,2.3400
777.0000,42.3900,2.6700
777.5000,42.2300,1.9100
778.0000,42.1300,2.4400
778.5000,42.3900,2.3700
779.0000,42.3300,2.0400
779.5000,42.8300,2.7700
780.0000,43.0600,2.2700
780.5000,42.9300,2.1000
781.0000,43.1300,1.7700
781.5000,42.6300,1.4400
782.0000,42.7900,1.8400
782.5000,42.5600,1.6100
783.0000,42.6300,1.7100
783.5000,42.6900,2.0100
784.0000,42.6900,1.9100
784.5000,42.5600,1.8400
785.0000,42.5900,2.2700
785.5000,42.6300,2.1700
786.0000,42.5900,1.8400
786.5000,42.5900,2.1700
787.0000,42.5600,2.2700
787.5000,42.4900,2.2700
788.0000,42.4600,2.2700
788.5000,42.4600,2.0700
789.0000,42.4300,1.6700
789.5000,42.3900,1.5700
790.0000,42.3600,1.5700
790.5000,42.3000,1.5100
791.0000,42.2600,1.7100
791.5000,42.2300,1.4800
792.0000,42.1600,1.3800
792.5000,42.1600,1.3800
793.0000,42.1000,1.2800
793.5000,42.1300,1.5400
794.0000,42.2000,1.6400
794.5000,42.0600,1.0500
795.0000,42.0000,0.9500
795.5000,42.1000,1.3100
796.0000,42.0600,1.5400
796.5000,41.9600,1.5100
797.0000,41.8600,1.7700
797.5000,41.8600,1.7700
798.0000,41.7600,1.1100
798.5000,41.6300,1.1400
799.0000,41.6300,1.3800
799.5000,41.6000,1.4800
800.0000,41.5600,1.6700
800.5000,41.5300,1.7700
801.0000,41.8300,2.7700
801.5000,42.7900,3.3000
802.0000,42.5600,2.5300
802.5000,42.0600,1.4100
803.0000,41.1600,0.9800
803.5000,41.5000,1.8100
804.0000,41.4000,1.6400
804.5000,41.3000,1.7100
805.0000,41.2000,1.7100
805.5000,41.1600,1.8700
806.0000,41.1000,1.9700
806.5000,40.9600,1.9400
807.0000,40.9600,2.0100
807.5000,40.9000,1.9700
808.0000,40.9000,1.8700
808.5000,40.8600,1.8700
809.0000,40.7600,1.8100
809.5000,40.9000,1.7400
810.0000,41.2600,3.6900
810.5000,41.6000,41.2200
811.0000,41.9000,60.9100
811.5000,41.6000,64.7800
812.0000,41.2300,64.6500
812.5000,41.2600,66.7300
813.0000,41.2300,69.3800
813.5000,41.2000,71.7000
814.0000,40.9000,71.5300
814.5000,40.7300,73.7100
815.0000,40.5300,74.8400
815.5000,40.4000,74.5400
816.0000,40.2300,73.9800
816.5000,40.1000,74.4100
817.0000,40.0000,75.9000
817.5000,39.8600,75.1700
818.0000,39.7300,75.1700
818.5000,39.5300,75.2700
819.0000,39.3300,75.5700
819.5000,40.1600,76.9600
820.0000,40.5000,77.1200
820.5000,39.1000,76.4900
821.0000,38.6300,76.9200
821.5000,38.6700,77.2200
822.0000,38.6000,77.2600
822.5000,38.3700,77.1600
823.0000,38.3000,77.6200
823.5000,38.2300,77.3500
824.0000,38.0300,77.2900
824.5000,37.9700,77.2600
825.0000,37.8000,77.1600
825.5000,37.7000,77.3900
826.0000,37.7000,77.2600
826.5000,37.7300,78.0500
827.0000,37.5300,77.5900
827.5000,37.4000,77.8200
828.0000,37.5300,77.6900
828.5000,37.4300,78.1800
829.0000,37.4000,77.7800
829.5000,37.1000,77.9500
830.0000,37.0400,78.0800
830.5000,36.9700,77.8200
831.0000,36.8000,77.9800
831.5000,36.7400,77.8500
832.0000,36.7400,77.9200
832.5000,36.7400,77.7500
833.0000,36.5400,77.9200
833.5000,36.5000,77.6200
834.0000,36.3400,77.6900
834.5000,36.2400,77.6200
835.0000,36.1700,77.8200
835.5000,36.2000,78.1800
836.0000,36.0400,78.3100
836.5000,35.7700,78.2500
837.0000,35.6700,78.5800
837.5000,35.6000,78.5100
838.0000,35.6000,78.2100
838.5000,35.5700,79.0400
839.0000,35.5700,78.9400
839.5000,35.6400,78.7100
840.0000,35.7700,78.5800
840.5000,35.7700,78.6100
841.0000,35.6700,78.1200
841.5000,35.5400,78.0800
842.0000,35.4400,77.9200
842.5000,35.2700,78.2500
843.0000,35.2700,77.9500
843.5000,35.1400,77.9200
844.0000,35.1700,78.1500
844.5000,35.1700,78.2100
845.0000,34.9700,78.4100
845.5000,34.9000,78.2100
846.0000,34.6700,78.4100
846.5000,34.6000,78.4100
847.0000,34.6700,78.5100
847.5000,34.7400,78.1500
848.0000,34.2100,78.0500
848.5000,34.4700,78.0200
849.0000,34.5700,78.2800
849.5000,34.3100,78.2800
850.0000,34.4400,78.1200
850.5000,34.2400,77.8200
851.0000,34.2400,77.9800
851.5000,34.2100,77.9200
852.0000,33.9700,78.1200
852.5000,34.0400,78.2800
853.0000,34.0400,78.5500
853.5000,34.0100,78.3100
854.0000,34.0100,78.5800
854.5000,33.9400,78.4800
855.0000,33.9700,78.2500
855.5000,33.9400,78.4500
856.0000,33.8700,78.2500
856.5000,33.7400,78.3100
857.0000,33.7400,78.2500
857.5000,33.7400,78.2800
858.0000,33.7100,78.4500
858.5000,33.6400,78.4500
859.0000,33.6100,78.6100
859.5000,33.5700,78.8400
860.0000,33.5400,78.8100
860.5000,33.5400,78.5100
861.0000,33.5100,78.6800
861.5000,33.4700,78.6500
862.0000,33.4100,78.5100
862.5000,33.4400,78.5800
863.0000,33.4100,78.6100
863.5000,33.3700,78.6500
864.0000,33.3400,78.5800
864.5000,33.3700,78.6500
865.0000,33.3700,78.4800
865.5000,33.3700,78.5500
866.0000,33.3400,78.3500
866.5000,33.3400,78.6100
867.0000,33.3400,78.7400
867.5000,33.3100,78.6500
868.0000,33.3100,78.6800
868.5000,33.3400,78.6100
869.0000,33.3400,78.6800
869.5000,33.3400,78.6800
870.0000,33.3700,78.4100
870.5000,33.3400,78.4100
871.0000,33.4100,78.3100
871.5000,33.3700,78.4100
872.0000,33.3700,78.3800
872.5000,33.4100,78.5800
873.0000,33.4400,78.7400
873.5000,33.4400,78.8100
874.0000,33.4700,78.6500
874.5000,33.4700,78.5800
875.0000,33.4700,78.8100
875.5000,33.4700,78.7100
876.0000,33.5400,78.8400
876.5000,33.5400,78.8400
877.0000,33.5400,78.8400
877.5000,33.5700,78.9800
878.0000,33.5700,78.8100
878.5000,33.6100,78.6800
879.0000,33.6700,79.0100
879.5000,33.6400,78.9100
880.0000,33.6700,78.8100
880.5000,33.7400,78.8100
881.0000,33.7400,78.6800
881.5000,33.8100,78.6800
882.0000,33.8400,78.8800
882.5000,33.8700,78.8800
883.0000,33.8700,78.8800
883.5000,33.9100,78.8800
884.0000,34.0100,78.8100
884.5000,33.9400,79.0100
885.0000,34.0400,78.9800
885.5000,34.0100,78.9800
886.0000,34.1700,78.7800
886.5000,34.1100,78.9100
887.0000,34.3100,78.9400
887.5000,34.3400,78.8800
888.0000,34.2100,79.2100
888.5000,34.4400,78.9800
889.0000,34.5400,78.7400
889.5000,34.5700,78.8100
890.0000,34.6400,78.7800
890.5000,34.6700,78.7400
891.0000,34.7400,78.7800
891.5000,34.7400,78.8800
892.0000,34.8000,78.7800
892.5000,34.8400,78.7800
893.0000,34.8700,78.9100
893.5000,34.9400,78.9800
894.0000,35.0000,78.7800
894.5000,35.0400,78.7400
895.0000,35.1000,78.8800
895.5000,35.1400,78.9400
896.0000,35.2400,79.0100
896.5000,35.2700,78.9100
897.0000,35.3400,78.7400
897.5000,35.4000,78.8800
898.0000,35.4400,78.9100
898.5000,35.1000,78.5500
899.0000,35.4000,75.5300
899.5000,34.7700,63.6900
900.0000,34.5400,17.8200
900.5000,33.9400,13.8200
901.0000,34.6400,10.6100
901.5000,34.8400,10.0800
902.0000,34.8400,11.7000
902.5000,34.8400,9.8500
903.0000,35.2400,10.2400
903.5000,35.4400,9.7800
904.0000,35.6700,9.0200
904.5000,35.8000,6.8400
905.0000,35.9400,6.9700
905.5000,36.1400,6.9400
906.0000,36.2700,7.0700
906.5000,36.4400,7.6300
907.0000,36.5700,8.2900
907.5000,36.4400,7.6600
908.0000,36.6000,4.9800
908.5000,36.8000,5.3800
909.0000,36.9000,5.8100
909.5000,37.0700,6.2700
910.0000,37.2000,6.7400
910.5000,37.2700,6.7000
911.0000,37.3700,6.7000
911.5000,37.5000,5.9400
912.0000,37.6000,6.8400
912.5000,37.6700,6.2400
913.0000,37.7700,5.9400
913.5000,37.8300,5.8100
914.0000,37.9300,4.7500
914.5000,38.0300,4.8500
915.0000,38.1700,4.9800
915.5000,38.3000,4.9200
916.0000,38.4000,5.2500
916.5000,38.4300,4.7500
917.0000,38.5700,5.0200
917.5000,38.6300,4.8500
918.0000,38.7700,5.1500
918.5000,38.9300,4.6200
919.0000,38.9700,4.5900
919.5000,39.0700,5.2500
920.0000,39.1700,5.6500
920.5000,39.2300,6.1100
921.0000,39.3300,5.4100
921.5000,39.4300,4.3500
922.0000,39.5300,4.0600
922.5000,39.6300,4.0600
923.0000,39.7000,3.6900
923.5000,39.7300,3.6300
924.0000,39.9000,3.9200
924.5000,39.9300,4.0600
925.0000,40.0300,3.8300
925.5000,40.1300,3.2300
926.0000,40.2000,3.1600
926.5000,40.3300,2.7700
927.0000,40.4000,2.7700
927.5000,40.5000,3.2300
928.0000,40.5600,3.5900
928.5000,40.6300,3.3600
929.0000,40.7600,3.2300
929.5000,40.8300,3.4900
930.0000,40.9000,3.8300
930.5000,41.0000,4.1200
931.0000,41.2300,4.7800
931.5000,41.6300,4.3500
932.0000,41.0300,2.9000
932.5000,39.9000,0.2800
933.0000,41.0600,3.1300
933.5000,41.7000,2.7000
934.0000,41.1600,1.6400
934.5000,41.0000,2.5000
935.0000,40.8300,1.6100
935.5000,41.6300,2.7300
936.0000,41.7600,2.9300
936.5000,41.4300,2.8700
937.0000,41.8000,3.3900
937.5000,41.8600,3.5600
938.0000,41.6000,2.7300
938.5000,41.8000,3.2600
939.0000,42.0600,3.2000
939.5000,42.1300,3.1000
940.0000,42.2000,3.3300
940.5000,42.2600,3.5900
941.0000,42.3300,3.2300
941.5000,42.3600,2.4700
942.0000,42.4300,1.9400
942.5000,42.4600,2.2400
943.0000,42.7900,2.7700
943.5000,42.5900,1.6100
944.0000,42.5300,2.1000
944.5000,42.6300,2.7000
945.0000,42.6900,3.0600
945.5000,42.7600,2.4400
946.0000,42.7900,2.3000
946.5000,42.8600,2.5000
947.0000,42.8900,2.5300
947.5000,42.9600,2.7000
948.0000,42.9900,2.7000
948.5000,43.0600,2.3400
949.0000,43.0900,2.0700
949.5000,43.1300,2.2000
950.0000,43.0900,1.4800
950.5000,43.1300,1.1800
951.0000,43.0900,1.3400
951.5000,43.1300,1.7100
952.0000,43.1600,1.7700
952.5000,43.1600,1.9100
953.0000,43.2300,2.0100
953.5000,43.2300,2.1700
954.0000,43.2600,2.2700
954.5000,43.2900,2.5700
955.0000,43.2900,2.8700
955.5000,43.3600,2.5000
956.0000,43.2900,2.0400
956.5000,43.3300,1.5100
957.0000,43.3300,1.6400
957.5000,43.3600,1.7700
958.0000,43.2900,1.8100
958.5000,43.2300,1.5700
959.0000,43.0900,1.7700
959.5000,43.4900,2.7300
960.0000,43.7600,3.0000
960.5000,43.6300,1.9100
961.0000,43.4300,1.9100
961.5000,42.9300,1.3400
962.0000,43.0900,2.0100
962.5000,43.3900,1.7100
963.0000,43.3600,1.2800
963.5000,43.2900,1.4800
964.0000,43.2600,1.6400
964.5000,43.2600,1.8100
965.0000,43.2900,1.7400
965.5000,43.2900,2.0700
966.0000,43.3900,2.1400
966.5000,43.1600,1.5100
967.0000,43.1900,1.7700
967.5000,43.1600,1.4100
968.0000,43.0300,1.4400
968.5000,43.0900,1.6400
969.0000,43.1300,1.4100
969.5000,43.0600,1.4400
970.0000,43.0300,1.5400
970.5000,43.0300,1.6400
971.0000,42.9600,1.6400
971.5000,43.0900,2.0400
972.0000,43.0600,1.7400
972.5000,42.8900,1.9400
973.0000,42.5600,1.3400
973.5000,42.6300,1.6100
974.0000,42.5600,1.4100
974.5000,42.5900,1.8700
975.0000,42.6600,1.8100
975.5000,42.5900,1.6700
976.0000,42.5600,1.6700
976.5000,42.1000,1.0100
977.0000,43.0900,3.1000
977.5000,42.9600,2.0700
978.0000,42.5900,1.2800
978.5000,42.2600,1.0800
979.0000,42.3600,1.6700
979.5000,42.3900,1.8100
980.0000,42.2300,1.6100
980.5000,42.3000,1.8700
981.0000,42.2000,1.8400
981.5000,42.1600,1.9400
982.0000,42.1300,2.2000
982.5000,42.1000,2.1000
983.0000,42.0300,1.6700
983.5000,41.9300,1.5700
984.0000,41.9300,1.9400
984.5000,41.9300,1.8700
985.0000,41.7600,1.7400
985.5000,41.7000,1.6700
986.0000,41.6300,1.2800
986.5000,41.6000,1.6100
987.0000,41.5300,1.6100
987.5000,41.4600,1.6100
988.0000,41.4000,1.6100
988.5000,41.2000,1.3400
989.0000,41.3000,1.4400
989.5000,41.1000,2.0100
990.0000,41.2600,15.7700
990.5000,41.9000,39.9300
991.0000,42.0000,54.7500
991.5000,41.9600,64.0800
992.0000,41.8000,68.6200
992.5000,41.6600,70.4400
993.0000,41.5600,72.6200
993.5000,41.4000,73.7500
994.0000,41.2000,75.0700
994.5000,41.0300,75.6700
995.0000,40.9000,75.5000
995.5000,40.7600,74.9700
996.0000,40.6000,75.0100
996.5000,40.4600,75.9600
997.0000,40.3300,75.7700
997.5000,40.3300,75.7300
998.0000,40.2600,76.4300
998.5000,40.2000,76.0000
999.0000,40.0300,75.6000
999.5000,39.9600,76.0000
1000.0000,39.8600,76.7600
1000.5000,39.7600,76.6600
1001.0000,39.5700,76.6900
1001.5000,39.5300,76.2600
1002.0000,39.4000,76.6300
1002.5000,39.2700,76.8900
1003.0000,39.0700,76.9600
1003.5000,38.8300,77.4500
1004.0000,38.7000,77.4900
1004.5000,38.6700,77.1200
1005.0000,38.7300,76.7600
1005.5000,38.7000,77.2900
1006.0000,38.7000,77.4500
1006.5000,38.4700,77.4900
1007.0000,38.3700,77.5500
1007.5000,38.2700,77.7800
1008.0000,38.2000,77.9200
1008.5000,38.1300,77.9500
1009.0000,38.0300,78.1500
1009.5000,38.0300,78.0800
1010.0000,37.9000,77.9800
1010.5000,37.7000,78.2500
1011.0000,38.0000,78.7400
1011.5000,37.7300,78.1800
1012.0000,37.5000,77.6500
1012.5000,37.3000,77.6500
1013.0000,37.3300,78.0800
1013.5000,37.3000,78.1500
1014.0000,37.1000,78.5800
1014.5000,37.0400,78.6100
1015.0000,36.9700,78.8800
1015.5000,36.8000,78.8400
1016.0000,36.7400,78.9400
1016.5000,36.5400,78.8400
1017.0000,36.4400,78.7800
1017.5000,36.3700,78.9100
1018.0000,36.3000,79.3400
1018.5000,36.0000,79.8700
1019.0000,36.2700,79.8400
1019.5000,36.1400,79.0100
1020.0000,35.8400,75.5700
1020.5000,35.7400,78.2800
1021.0000,35.8000,79.1700
1021.5000,35.9000,79.1100
1022.0000,35.9400,78.7800
1022.5000,35.7700,78.5500
1023.0000,35.6700,78.4800
1023.5000,35.5700,79.4400
1024.0000,35.5400,79.6700
1024.5000,35.3700,79.8400
1025.0000,35.3000,79.6000
1025.5000,35.2700,79.8700
1026.0000,35.2400,79.8000
1026.5000,35.1700,79.6700
1027.0000,35.0700,79.3400
1027.5000,35.0400,79.6400
1028.0000,34.9700,79.8700
1028.5000,34.9000,79.9400
1029.0000,34.8400,79.9000
1029.5000,34.7700,79.8400
1030.0000,34.7000,79.6700
1030.5000,34.4000,79.3400
1031.0000,34.4700,79.1700
1031.5000,34.6400,79.3100
1032.0000,34.5400,79.5400
1032.5000,34.5000,77.7200
1033.0000,34.1700,76.7300
1033.5000,34.5000,79.0100
1034.0000,34.2700,79.5100
1034.5000,34.2700,79.4700
1035.0000,34.3100,79.5400
1035.5000,34.2400,79.5400
1036.0000,34.2400,79.6000
1036.5000,34.1400,79.2400
1037.0000,34.1100,79.2700
1037.5000,34.0700,79.3700
1038.0000,34.1100,79.1700
1038.5000,34.0700,79.3700
1039.0000,34.0400,79.3100
1039.5000,34.0400,79.2400
1040.0000,34.0100,79.2700
1040.5000,33.9700,79.3100
1041.0000,33.8700,79.2400
1041.5000,33.9100,79.4400
1042.0000,33.9700,80.0000
1042.5000,33.9100,80.0700
1043.0000,33.8400,79.9400
1043.5000,33.8400,80.1300
1044.0000,33.8700,80.1700
1044.5000,33.8700,80.0000
1045.0000,33.8100,79.9700
1045.5000,33.7700,79.8400
1046.0000,33.8400,79.8400
1046.5000,33.8400,79.6700
1047.0000,33.8400,79.5400
1047.5000,33.8700,79.4100
1048.0000,33.8700,79.3700
1048.5000,33.7700,79.7400
1049.0000,33.7700,79.8000
1049.5000,33.8400,79.3700
1050.0000,33.9100,79.6400
1050.5000,33.8100,79.3700
1051.0000,33.8400,79.8000
1051.5000,33.9700,79.7700
1052.0000,34.0400,79.9000
1052.5000,33.8700,79.7000
1053.0000,33.9400,80.0400
1053.5000,33.9400,79.9700
1054.0000,34.0700,80.5000
1054.5000,34.1700,80.2300
1055.0000,33.9700,79.8400
1055.5000,33.8400,80.1700
1056.0000,34.2700,80.1000
1056.5000,34.1400,80.1000
1057.0000,34.0100,79.9400
1057.5000,33.4100,78.9100
1058.0000,33.5400,79.5700
1058.5000,34.0100,79.9700
1059.0000,34.2400,80.3300
1059.5000,34.5000,80.2300
1060.0000,34.7000,79.8400
1060.5000,34.5400,80.0400
1061.0000,34.5000,79.9400
1061.5000,34.4400,80.0400
1062.0000,34.5000,80.0000
1062.5000,34.3400,80.0000
1063.0000,34.2700,80.1300
1063.5000,34.3400,80.0700
1064.0000,34.3100,80.1300
1064.5000,34.4000,80.1000
1065.0000,34.4400,79.9000
1065.5000,34.4400,80.2000
1066.0000,34.5000,80.1300
1066.5000,34.4700,80.2700
1067.0000,34.5000,80.0700
1067.5000,34.5700,80.1700
1068.0000,34.6400,80.2300
1068.5000,34.7000,80.0400
1069.0000,34.7000,80.3000
1069.5000,34.7000,80.4000
1070.0000,34.7700,80.2300
1070.5000,34.8400,80.3000
1071.0000,34.9000,80.1300
1071.5000,35.0000,80.0700
1072.0000,35.0700,80.0000
1072.5000,35.1000,80.3000
1073.0000,35.0700,80.2000
1073.5000,35.0700,80.2300
1074.0000,35.2400,80.4000
1074.5000,35.3000,80.3700
1075.0000,35.3700,80.2700
1075.5000,35.4700,80.1000
1076.0000,35.4400,80.2300
1076.5000,35.5000,80.3000
1077.0000,35.5700,80.2300
1077.5000,35.7700,80.3700
1078.0000,36.0400,79.9400
1078.5000,35.9400,80.0700
1079.0000,36.1000,79.9000
1079.5000,35.9400,78.2500
1080.0000,35.6700,72.5200
1080.5000,34.6000,40.4600
1081.0000,34.3700,16.7000
1081.5000,34.9700,14.7800
1082.0000,34.8700,12.5300
1082.5000,35.5000,11.2000
1083.0000,35.2400,10.0800
1083.5000,33.9100,4.6500
1084.0000,34.6700,8.4200
1084.5000,35.5000,7.9000
1085.0000,36.8700,8.8600
1085.5000,37.0000,7.9300
1086.0000,36.5000,6.2400
1086.5000,35.4400,5.1800
1087.0000,34.9400,2.6700
1087.5000,36.5400,4.9800
1088.0000,36.2000,4.3500
1088.5000,34.7400,2.8300
1089.0000,37.4000,6.9000
1089.5000,37.7700,5.2500
1090.0000,38.0000,5.8800
1090.5000,38.1300,5.9100
1091.0000,37.9000,5.8400
1091.5000,37.7300,3.8900
1092.0000,38.1000,4.9200
1092.5000,38.1700,4.5500
1093.0000,38.2700,5.0500
1093.5000,38.2000,4.5900
1094.0000,38.3000,5.0200
1094.5000,38.4000,5.2800
1095.0000,38.2300,4.2900
1095.5000,37.1300,3.3600
1096.0000,37.8300,5.1800
1096.5000,37.9300,6.0100
1097.0000,36.9400,4.1600
1097.5000,39.8000,8.4600
1098.0000,39.9000,7.2000
1098.5000,39.4300,5.6500
1099.0000,34.2100,-3.5200
1099.5000,36.5000,4.9800
1100.0000,38.9000,6.4700
1100.5000,37.2700,2.7000
1101.0000,37.4700,4.4500
1101.5000,39.5700,6.9400
1102.0000,39.6300,5.5100
1102.5000,38.5000,3.0300
1103.0000,39.3300,4.5500
1103.5000,39.7000,3.7300
1104.0000,39.9000,2.9600
1104.5000,39.8300,2.6700
1105.0000,39.9000,2.7700
1105.5000,39.6300,2.5000
1106.0000,39.7000,3.0600
1106.5000,40.0300,3.0000
1107.0000,39.9000,2.0100
1107.5000,40.0600,2.6000
1108.0000,40.4600,3.0000
1108.5000,40.6600,2.5000
1109.0000,40.6600,2.2700
1109.5000,40.7000,2.2400
1110.0000,40.8000,2.5000
1110.5000,40.8300,2.4400
1111.0000,40.7600,1.3100
1111.5000,40.7600,1.5400
1112.0000,40.9300,1.9100
1112.5000,41.1000,1.9700
1113.0000,41.2000,2.1000
1113.5000,41.2300,2.1000
1114.0000,41.2300,1.8400
1114.5000,41.2300,1.8400
1115.0000,41.3600,2.0100
1115.5000,41.3600,2.0700
1116.0000,41.6000,2.6700
1116.5000,41.5300,2.2000
1117.0000,41.1000,1.7400
1117.5000,41.3000,3.0000
1118.0000,41.3300,1.5700
1118.5000,40.6300,0.3200
1119.0000,40.9300,2.4700
1119.5000,42.5900,3.7900
1120.0000,42.3300,2.8300
1120.5000,42.1000,2.7700
1121.0000,42.2600,2.7300
1121.5000,42.3600,2.7300
1122.0000,42.4900,2.8300
1122.5000,42.5900,3.0300
1123.0000,42.7600,2.5700
1123.5000,42.7300,2.5000
1124.0000,42.6900,2.5300
1124.5000,42.7900,2.9000
1125.0000,42.7600,2.8300
1125.5000,42.9300,2.9600
1126.0000,42.8900,2.2700
1126.5000,42.8600,1.9700
1127.0000,42.9600,2.2000
1127.5000,42.9900,1.9400
1128.0000,43.0600,2.5700
1128.5000,43.0600,2.8300
1129.0000,43.0600,2.5000
1129.5000,43.0900,2.3000
1130.0000,43.1300,2.3400
1130.5000,43.3600,2.5000
1131.0000,43.3300,2.1700
1131.5000,43.3300,2.0700
1132.0000,43.2900,2.2400
1132.5000,43.2300,2.3000
1133.0000,43.2600,2.2400
1133.5000,43.3300,1.9400
1134.0000,42.7600,0.1900
1134.5000,41.9000,0.6800
1135.0000,42.8600,2.1700
1135.5000,43.1600,2.1400
1136.0000,43.2300,2.0400
1136.5000,43.1900,1.5400
1137.0000,43.1900,1.4800
1137.5000,43.2300,1.5400
1138.0000,43.3900,1.5100
1138.5000,43.1300,1.0100
1139.0000,43.2600,1.5100
1139.5000,43.2300,1.1800
1140.0000,43.1900,1.4800
1140.5000,43.3300,1.9700
1141.0000,43.3300,1.6700
1141.5000,43.2300,1.4800
1142.0000,43.1300,1.6700
1142.5000,43.3300,2.1700
1143.0000,43.1900,1.6400
1143.5000,42.8600,1.4400
1144.0000,43.3900,2.7300
1144.5000,43.5900,1.9100
1145.0000,43.2900,1.6400
1145.5000,43.2600,1.7700
1146.0000,43.1900,1.6400
1146.5000,43.1900,1.5400
1147.0000,43.1300,1.5700
1147.5000,43.1600,1.9700
1148.0000,43.1300,1.7700
1148.5000,43.1300,1.6400
1149.0000,43.1600,1.7400
1149.5000,43.0900,1.6400
1150.0000,43.1600,1.7700
1150.5000,43.0600,1.7700
1151.0000,42.8300,1.2800
1151.5000,42.6300,1.3100
1152.0000,42.9900,2.5000
1152.5000,43.2900,2.3700
1153.0000,43.0300,1.7700
1153.5000,42.8300,1.3400
1154.0000,42.8300,1.5100
1154.5000,42.6900,1.2800
1155.0000,42.6600,1.4100
1155.5000,42.7300,1.2400
1156.0000,42.5300,0.9800
1156.5000,42.4300,1.3100
1157.0000,42.4900,1.4800
1157.5000,42.5300,1.4400
1158.0000,42.3300,0.9500
1158.5000,42.3600,1.9400
1159.0000,42.5900,2.0400
1159.5000,42.3300,1.2800
1160.0000,42.2600,1.4400
1160.5000,42.2300,1.2800
1161.0000,42.1300,1.0500
1161.5000,42.1300,1.4800
1162.0000,42.1000,1.4100
1162.5000,41.9300,1.1800
1163.0000,42.0600,1.5700
1163.5000,41.8600,1.4400
1164.0000,41.8600,1.7400
1164.5000,41.8300,1.5400
1165.0000,41.6600,1.0100
1165.5000,41.4000,0.5800
1166.0000,41.4600,1.0800
1166.5000,41.8600,1.5100
1167.0000,41.1000,0.1200
1167.5000,41.0000,0.9100
1168.0000,41.3300,1.2400
1168.5000,41.6000,1.9400
1169.0000,41.7300,2.7300
1169.5000,41.2300,3.3900
1170.0000,41.3600,21.7600
1170.5000,42.1600,48.9000
1171.0000,42.2000,62.0300
1171.5000,42.0000,66.3700
1172.0000,41.8600,69.4100
1172.5000,41.6300,73.0200
1173.0000,41.5000,75.3400
1173.5000,41.3300,75.9000
1174.0000,41.2000,76.0300
1174.5000,41.1000,76.0600
1175.0000,40.9000,77.2900
1175.5000,40.8300,78.5800
1176.0000,40.6600,77.8800
1176.5000,40.7000,77.7200
1177.0000,40.7000,77.2600
1177.5000,40.5000,77.5500
1178.0000,40.4300,77.5500
1178.5000,40.3600,76.2600
1179.0000,40.2000,75.8700
1179.5000,40.0600,76.8600
1180.0000,39.9000,76.6300
1180.5000,39.9600,77.8200
1181.0000,40.0300,77.7800
1181.5000,39.8000,77.0900
1182.0000,39.5700,77.7200
1182.5000,39.6300,78.2800
1183.0000,39.0700,78.3800
1183.5000,38.7000,78.4800
1184.0000,38.6300,78.5800
1184.5000,38.4000,78.6500
1185.0000,38.0300,78.5800
1185.5000,38.2000,79.0100
1186.0000,37.7000,78.8400
1186.5000,37.3300,75.9300
1187.0000,37.9300,79.0800
1187.5000,37.9000,79.4400
1188.0000,37.3000,79.1100
1188.5000,36.6700,79.2400
1189.0000,36.3000,78.8100
1189.5000,37.3000,79.3100
1190.0000,37.5000,79.8400
1190.5000,37.6000,79.6400
1191.0000,37.5300,79.7700
1191.5000,37.5300,79.8400
1192.0000,37.5000,79.4400
1192.5000,37.4700,80.6600
1193.0000,37.5300,80.0700
1193.5000,37.2000,79.6700
1194.0000,37.3000,79.7000
1194.5000,37.3000,79.9000
1195.0000,37.4300,80.2700
1195.5000,37.3000,80.0400
1196.0000,37.0400,79.8400
1196.5000,36.9700,79.9400
1197.0000,36.8400,79.6700
1197.5000,36.6700,80.0400
1198.0000,36.5400,79.9400
1198.5000,36.4700,79.8400
1199.0000,36.2000,79.7700
1199.5000,36.0700,79.6700
1200.0000,36.0400,80.0000
1200.5000,35.7400,80.2000
1201.0000,35.6700,80.1700
1201.5000,35.6700,80.1000
1202.0000,35.7400,80.2300
1202.5000,35.4700,80.1000
1203.0000,35.4400,80.1700
1203.5000,35.4700,80.1700
1204.0000,35.2400,80.1300
1204.5000,35.1000,80.2300
1205.0000,35.0000,80.3300
1205.5000,34.9000,80.1700
1206.0000,34.8700,80.3000
1206.5000,34.8000,80.4700
1207.0000,34.7400,80.5300
1207.5000,34.7000,80.4300
1208.0000,34.6700,80.1000
1208.5000,34.5700,80.5000
1209.0000,34.5400,80.4700
1209.5000,34.4000,80.7300
1210.0000,34.4400,80.7300
1210.5000,34.3100,80.5600
1211.0000,34.4400,80.3000
1211.5000,34.3700,80.0000
1212.0000,34.3400,80.0400
1212.5000,34.3100,80.4000
1213.0000,34.2700,80.3300
1213.5000,34.2700,80.2300
1214.0000,34.2400,80.4000
1214.5000,34.1100,80.3700
1215.0000,34.0400,80.2000
1215.5000,34.0400,80.2000
1216.0000,33.9700,80.2700
1216.5000,33.9400,80.2300
1217.0000,33.8700,80.2700
1217.5000,33.6400,80.3700
1218.0000,33.2400,79.7000
1218.5000,32.6400,79.7000
1219.0000,31.5100,79.9000
1219.5000,33.4700,80.4700
1220.0000,33.7100,80.8300
1220.5000,33.6400,80.7600
1221.0000,33.4100,80.5600
1221.5000,33.6100,80.3700
1222.0000,33.6700,80.8600
1222.5000,33.4700,80.4700
1223.0000,33.6100,80.3300
1223.5000,33.8400,80.6300
1224.0000,33.9400,81.1600
1224.5000,33.9700,80.7600
1225.0000,33.9100,80.4300
1225.5000,33.4400,80.2300
1226.0000,33.6700,80.0000
1226.5000,33.7100,80.0000
1227.0000,33.6700,80.0700
1227.5000,33.6100,79.7700
1228.0000,33.7100,79.8000
1228.5000,33.6700,80.5300
1229.0000,33.7100,80.4000
1229.5000,33.7700,80.4300
1230.0000,33.7700,80.3000
1230.5000,33.8100,80.4300
1231.0000,33.8700,80.4300
1231.5000,33.7700,80.1000
1232.0000,33.7400,80.2700
1232.5000,33.5700,80.7000
1233.0000,33.5700,80.4300
1233.5000,33.7400,80.3700
1234.0000,33.7400,80.5300
1234.5000,33.6400,80.5300
1235.0000,33.7700,80.5300
1235.5000,33.6700,80.6000
1236.0000,33.5700,80.3300
1236.5000,33.5100,80.2000
1237.0000,33.6700,80.6300
1237.5000,33.8700,80.7000
1238.0000,34.0400,80.5000
1238.5000,34.0400,80.6600
1239.0000,34.1100,80.7600
1239.5000,34.1400,80.5600
1240.0000,34.1400,80.5300
1240.5000,34.2400,80.6600
1241.0000,34.3100,80.6000
1241.5000,34.3400,80.2300
1242.0000,34.2700,80.1300
1242.5000,34.4000,80.4000
1243.0000,34.4000,80.4700
1243.5000,34.4400,80.5000
1244.0000,34.5000,80.6600
1244.5000,34.5700,80.5300
1245.0000,34.5000,80.4700
1245.5000,34.6000,80.6000
1246.0000,34.6400,80.5600
1246.5000,34.6400,80.3300
1247.0000,34.7400,80.7600
1247.5000,34.8700,80.6300
1248.0000,34.8700,80.5300
1248.5000,34.9400,80.3700
1249.0000,35.1000,80.6000
1249.5000,35.1400,80.4300
1250.0000,35.1400,80.4300
1250.5000,35.1700,80.7300
1251.0000,35.2000,80.4700
1251.5000,35.3400,80.4000
1252.0000,35.3700,80.5300
1252.5000,35.4700,80.4000
1253.0000,35.4700,80.3700
1253.5000,35.4400,80.4300
1254.0000,35.5400,80.4300
1254.5000,35.7000,80.6600
1255.0000,35.8000,80.5300
1255.5000,35.7700,80.9000
1256.0000,35.8700,80.8000
1256.5000,36.0000,80.5000
1257.0000,36.1400,80.4300
1257.5000,36.3000,80.5300
1258.0000,36.5700,80.7000
1258.5000,36.5000,78.1500
1259.0000,35.6700,70.9700
1259.5000,35.2700,56.9400
1260.0000,34.9400,17.9200
1260.5000,34.9700,14.1500
1261.0000,35.5700,10.9400
1261.5000,36.9700,9.2200
1262.0000,36.1700,6.4700
1262.5000,35.6000,6.6000
1263.0000,36.0000,6.0100
1263.5000,36.4400,7.4300
1264.0000,35.8000,6.3100
1264.5000,36.2400,8.3300
1265.0000,36.4400,5.9100
1265.5000,36.8700,5.2500
1266.0000,36.8700,4.9500
1266.5000,37.0700,5.5100
1267.0000,37.1700,4.3900
1267.5000,37.2300,4.1200
1268.0000,37.3700,3.6900
1268.5000,37.5300,3.7300
1269.0000,37.5700,3.5600
1269.5000,37.7000,3.4300
1270.0000,37.7700,3.3300
1270.5000,37.9000,4.1200
1271.0000,37.9700,3.5600
1271.5000,38.1700,3.3000
1272.0000,38.2000,3.3300
1272.5000,38.3000,2.6700
1273.0000,38.5000,3.1300
1273.5000,38.5300,3.1000
1274.0000,38.4000,2.9600
1274.5000,38.6000,2.9600
1275.0000,38.7300,2.6000
1275.5000,38.9300,3.2000
1276.0000,38.9300,3.3300
1276.5000,38.8700,3.3300
1277.0000,39.1000,3.7300
1277.5000,39.2700,3.7600
1278.0000,39.2300,2.4700
1278.5000,39.3300,2.3400
1279.0000,39.4700,2.2000
1279.5000,39.5300,2.4700
1280.0000,39.6300,2.4000
1280.5000,39.6700,2.7000
1281.0000,39.7300,2.7700
1281.5000,39.8600,2.4700
1282.0000,39.8300,1.9100
1282.5000,39.9000,2.2400
1283.0000,39.9000,2.5000
1283.5000,39.3300,1.3800
1284.0000,38.7300,2.0400
1284.5000,39.7000,3.0600
1285.0000,40.5600,3.3600
1285.5000,40.3600,2.6700
1286.0000,40.6000,2.8700
1286.5000,40.7000,2.8700
1287.0000,40.6600,2.4000
1287.5000,40.8300,3.1000
1288.0000,40.9600,2.8300
1288.5000,40.9600,2.6700
1289.0000,41.0600,2.3000
1289.5000,41.1600,2.5000
1290.0000,41.2000,2.5700
1290.5000,41.2600,2.7000
1291.0000,41.3600,2.8700
1291.5000,41.5000,2.8000
1292.0000,41.5000,1.6100
1292.5000,41.6000,1.7400
1293.0000,41.6300,1.8400
1293.5000,41.7300,2.4400
1294.0000,41.8300,2.5300
1294.5000,41.9000,2.4400
1295.0000,41.9600,2.5300
1295.5000,42.0300,2.1700
1296.0000,41.9600,1.9400
1296.5000,41.8600,1.8100
1297.0000,41.8600,2.1000
1297.5000,42.0600,2.4700
1298.0000,42.1600,2.4000
1298.5000,42.4300,2.6000
1299.0000,42.4600,2.2400
1299.5000,42.4600,1.6100
1300.0000,42.4600,1.8100
1300.5000,42.5900,2.1400
1301.0000,42.6300,1.8700
1301.5000,42.6900,1.9100
1302.0000,42.7300,1.6100
1302.5000,42.7600,1.3100
1303.0000,42.8300,1.4400
1303.5000,42.8600,1.8100
1304.0000,42.9600,2.1400
1304.5000,43.0300,2.6000
1305.0000,43.0600,2.6000
1305.5000,43.1300,2.5300
1306.0000,43.1600,2.3000
1306.5000,43.1900,2.0100
1307.0000,43.2300,2.2400
1307.5000,43.2600,1.9400
1308.0000,43.3300,2.0700
1308.5000,43.3600,1.7700
1309.0000,43.3600,1.8700
1309.5000,43.4300,2.0100
1310.0000,43.5300,2.2400
1310.5000,43.5300,2.3700
1311.0000,43.5300,2.5000
1311.5000,43.4900,1.6100
1312.0000,43.5600,1.8100
1312.5000,43.5600,1.8700
1313.0000,43.5300,1.6700
1313.5000,43.4600,1.4100
1314.0000,43.4300,1.5100
1314.5000,43.5900,2.0100
1315.0000,43.5900,2.2000
1315.5000,43.5900,2.2700
1316.0000,43.5900,2.2700
1316.5000,43.5600,1.4400
1317.0000,43.5300,1.4800
1317.5000,43.5900,1.7400
1318.0000,43.5900,1.7700
1318.5000,43.5900,2.1700
1319.0000,43.5900,1.9100
1319.5000,43.5900,1.8100
1320.0000,43.6300,1.6700
1320.5000,43.6600,1.8400
1321.0000,43.6300,1.3100
1321.5000,43.5600,1.2400
1322.0000,43.5900,1.4100
1322.5000,43.4600,1.3400
1323.0000,43.3600,1.4100
1323.5000,43.6600,1.9100
1324.0000,43.5900,1.5100
1324.5000,43.0600,0.9800
1325.0000,43.3600,1.9400
1325.5000,43.5900,2.0400
1326.0000,43.9600,2.7000
1326.5000,44.3600,2.8300
1327.0000,43.9600,1.7400
1327.5000,43.6900,1.4400
1328.0000,43.6300,1.8100
1328.5000,43.4300,1.4100
1329.0000,43.4300,1.6100
1329.5000,43.3600,1.6700
1330.0000,43.2900,1.6400
1330.5000,43.2600,2.1000
1331.0000,42.7900,1.1100
1331.5000,42.5900,1.4400
1332.0000,42.8600,1.8400
1332.5000,42.9600,1.8100
1333.0000,43.0300,1.9100
1333.5000,42.9300,1.5700
1334.0000,43.0300,1.8400
1334.5000,42.4900,1.2100
1335.0000,42.4900,1.7700
1335.5000,42.6900,2.0700
1336.0000,42.8300,2.3700
1336.5000,42.6600,2.1400
1337.0000,42.5600,1.8400
1337.5000,42.5300,1.7400
1338.0000,42.4900,1.9400
1338.5000,42.4600,2.0700
1339.0000,42.4600,2.2000
1339.5000,42.5300,1.9100
1340.0000,42.5900,2.1400
1340.5000,42.5300,2.0700
1341.0000,42.3600,1.9400
1341.5000,42.3000,2.0100
1342.0000,42.2300,2.0700
1342.5000,42.1600,2.0700
1343.0000,42.1000,2.0700
1343.5000,42.0000,1.8400
1344.0000,41.8600,1.8100
1344.5000,41.8300,1.9700
1345.0000,41.7600,1.8400
1345.5000,41.7000,1.8100
1346.0000,41.6300,1.6400
1346.5000,41.5600,1.6100
1347.0000,41.5300,1.7100
1347.5000,41.4600,1.7100
1348.0000,41.4300,1.4100
1348.5000,41.3300,1.3400
1349.0000,41.3000,1.5100
1349.5000,41.2600,1.3800
1350.0000,41.3300,1.6100
1350.5000,41.2000,2.5700
1351.0000,41.7600,47.6700
1351.5000,42.0300,56.6100
1352.0000,41.7000,64.2800
1352.5000,41.7600,70.1400
1353.0000,41.7000,70.3100
1353.5000,41.5300,74.7100
1354.0000,41.2300,75.9300
1354.5000,41.0600,75.3400
1355.0000,40.8000,74.1400
1355.5000,40.7600,75.0100
1356.0000,40.7000,75.8300
1356.5000,40.6000,76.4600
1357.0000,40.5000,77.0900
1357.5000,40.3300,77.0200
1358.0000,40.2000,77.3500
1358.5000,40.1000,77.1200
1359.0000,40.0000,77.4200
1359.5000,39.8600,78.6100
1360.0000,39.8000,77.8800
1360.5000,39.8000,77.3900
1361.0000,39.6300,77.4500
1361.5000,39.5700,77.6500
1362.0000,39.4300,77.7500
1362.5000,39.3300,78.1200
1363.0000,39.2000,77.6900
1363.5000,39.0700,77.3500
1364.0000,38.9700,77.5900
1364.5000,38.9000,78.5800
1365.0000,38.8000,78.2100
1365.5000,38.6700,78.2500
1366.0000,38.5300,78.5500
1366.5000,38.4000,78.9400
1367.0000,38.2300,78.7100
1367.5000,38.1700,79.4100
1368.0000,38.0700,79.3400
1368.5000,37.9700,79.2100
1369.0000,37.9300,79.0100
1369.5000,37.8000,79.4700
1370.0000,37.9000,79.6700
1370.5000,37.7700,80.1700
1371.0000,37.6300,80.0700
1371.5000,37.5000,79.9000
1372.0000,37.4000,79.4700
1372.5000,37.2700,79.7700
1373.0000,37.2000,80.1300
1373.5000,37.0400,79.6000
1374.0000,36.9400,79.7000
1374.5000,36.7400,79.6400
1375.0000,36.5400,79.9400
1375.5000,36.6000,80.1000
1376.0000,35.4400,79.3100
1376.5000,37.6000,80.5300
1377.0000,33.8100,78.8800
1377.5000,38.4700,80.8000
1378.0000,37.9000,81.4200
1378.5000,36.4400,80.7600
1379.0000,36.7400,80.1000
1379.5000,36.3400,80.1300
1380.0000,36.2400,79.4700
1380.5000,35.6400,79.6400
1381.0000,35.7400,79.7000
1381.5000,35.7700,79.7400
1382.0000,35.5700,79.7700
1382.5000,35.5700,80.0400
1383.0000,35.5700,80.4000
1383.5000,35.5700,80.1700
1384.0000,35.4700,80.0400
1384.5000,35.4000,79.9700
1385.0000,35.3700,79.8700
1385.5000,35.3000,80.2300
1386.0000,35.3000,80.5000
1386.5000,35.1400,80.2000
1387.0000,35.2000,80.5000
1387.5000,35.0000,80.4000
1388.0000,35.0000,80.6000
1388.5000,34.9400,80.2300
1389.0000,34.8700,80.3000
1389.5000,34.7700,80.1700
1390.0000,34.7000,80.0000
1390.5000,34.6000,80.0000
1391.0000,34.5400,80.0700
1391.5000,34.2400,80.5000
1392.0000,34.0100,80.9300
1392.5000,34.2400,80.8300
1393.0000,34.4000,80.4300
1393.5000,34.3700,80.4300
1394.0000,34.3400,80.2300
1394.5000,34.2400,80.2300
1395.0000,34.1100,80.5300
1395.5000,34.0400,80.6300
1396.0000,34.2100,80.5000
1396.5000,34.1100,80.2300
1397.0000,34.1100,80.2000
1397.5000,34.0400,80.2700
1398.0000,34.0400,80.6000
1398.5000,33.9700,80.5300
1399.0000,33.9700,80.5300
1399.5000,33.9400,80.5300
1400.0000,33.9100,80.5300
1400.5000,33.8100,80.4000
1401.0000,33.6400,80.6600
1401.5000,33.7400,80.2300
1402.0000,33.9100,80.2300
1402.5000,33.8400,80.3300
1403.0000,33.8100,80.4000
1403.5000,33.7700,80.2300
1404.0000,33.8700,80.4300
1404.5000,33.8700,80.4000
1405.0000,33.7700,80.7300
1405.5000,33.5100,80.8300
1406.0000,33.4400,81.0600
1406.5000,33.2100,80.8600
1407.0000,33.2100,81.1300
1407.5000,33.3100,81.0300
1408.0000,33.3100,80.9300
1408.5000,33.3100,80.8600
1409.0000,33.3100,80.6600
1409.5000,33.1700,80.7000
1410.0000,33.3700,80.7000
1410.5000,33.4100,80.5600
1411.0000,33.5100,80.4000
1411.5000,33.4400,80.6300
1412.0000,33.4400,80.6600
1412.5000,33.4100,80.5300
1413.0000,33.6100,80.3300
1413.5000,33.5700,80.5600
1414.0000,33.4400,80.6600
1414.5000,33.4100,80.5600
1415.0000,33.4700,80.6000
1415.5000,33.6400,80.5300
1416.0000,33.7400,80.4000
1416.5000,33.7700,80.2300
1417.0000,33.8100,80.2300
1417.5000,33.8100,80.5000
1418.0000,34.2700,81.3300
1418.5000,34.1400,80.8000
1419.0000,34.0400,80.3700
1419.5000,34.0700,80.4700
1420.0000,34.1100,80.5300
1420.5000,34.0400,80.3700
1421.0000,34.0700,80.6600
1421.5000,34.0100,80.7000
1422.0000,34.2100,80.6300
1422.5000,34.2400,80.5000
1423.0000,34.2400,80.6600
1423.5000,34.3700,80.6600
1424.0000,34.2700,80.5300
1424.5000,34.2400,80.5000
1425.0000,34.3100,80.5600
1425.5000,34.2400,80.8600
1426.0000,34.3700,80.9000
1426.5000,34.4400,80.9000
1427.0000,34.5400,80.8300
1427.5000,34.5700,80.6600
1428.0000,34.6700,80.8300
1428.5000,34.8000,80.6000
1429.0000,34.7000,80.6600
1429.5000,34.7400,80.8000
1430.0000,34.9000,81.2300
1430.5000,34.8400,80.9000
1431.0000,34.9700,80.7600
1431.5000,35.1400,80.5600
1432.0000,35.1700,80.6300
1432.5000,35.2000,80.7000
1433.0000,35.0400,80.9900
1433.5000,35.0700,81.0600
1434.0000,35.0400,81.0300
1434.5000,35.1700,80.9300
1435.0000,35.2400,80.8600
1435.5000,35.3700,80.9300
1436.0000,35.6000,80.7300
1436.5000,35.8700,80.3300
1437.0000,35.9400,80.4000
1437.5000,35.9700,80.6000
1438.0000,35.7700,80.7000
1438.5000,34.9400,73.1500
1439.0000,35.1400,71.0300
1439.5000,35.4000,36.9200
1440.0000,35.2700,15.4400
1440.5000,35.4700,14.7100
1441.0000,35.5000,12.5000
1441.5000,35.4000,12.4000
1442.0000,35.6000,11.9700
1442.5000,35.8400,11.7000
1443.0000,35.9700,11.3400
1443.5000,36.0700,10.8400
1444.0000,36.1400,9.8500
1444.5000,36.2000,8.2300
1445.0000,36.4000,7.8300
1445.5000,36.3700,7.2700
1446.0000,36.6700,5.0200
1446.5000,36.8000,5.3800
1447.0000,36.9400,5.0200
1447.5000,37.0400,5.8100
1448.0000,37.2000,5.1200
1448.5000,37.2700,4.7200
1449.0000,37.3300,4.3900
1449.5000,37.5000,3.8300
1450.0000,37.5700,2.7300
1450.5000,37.6300,3.0600
1451.0000,37.7300,2.8300
1451.5000,37.8700,3.2000
1452.0000,37.9700,2.8000
1452.5000,38.0000,2.6000
1453.0000,38.1300,2.5300
1453.5000,38.2300,2.6300
1454.0000,38.3700,2.6300
1454.5000,38.4700,2.6700
1455.0000,38.5700,3.6600
1455.5000,38.6700,3.0600
1456.0000,38.8000,3.3000
1456.5000,38.8700,3.6300
1457.0000,38.9700,4.0200
1457.5000,39.0300,3.2300
1458.0000,39.2000,3.6600
1458.5000,39.4000,3.2600
1459.0000,39.3700,3.5900
1459.5000,39.4700,4.3200
1460.0000,39.5700,4.0600
1460.5000,39.7000,4.2900
1461.0000,39.7300,4.1900
1461.5000,39.8300,3.0600
1462.0000,39.9000,3.0600
1462.5000,39.9600,3.4900
1463.0000,40.0600,3.6900
1463.5000,40.1600,3.6300
1464.0000,40.2300,3.0300
1464.5000,40.2300,2.2400
1465.0000,40.3300,2.4000
1465.5000,40.4300,2.8300
1466.0000,40.5600,3.5600
1466.5000,40.6600,3.0000
1467.0000,40.7000,2.8700
1467.5000,40.8300,3.0600
1468.0000,40.8600,2.8300
1468.5000,40.9600,2.6700
1469.0000,41.0300,2.1000
1469.5000,41.1000,2.0400
1470.0000,41.2000,1.7700
1470.5000,41.2600,1.9400
1471.0000,41.3600,2.1700
1471.5000,41.4600,2.4000
1472.0000,41.5000,2.4400
1472.5000,41.6000,2.8000
1473.0000,41.6300,2.8000
1473.5000,41.7000,2.6300
1474.0000,41.7600,1.9400
1474.5000,41.8000,2.0400
1475.0000,41.9600,2.5000
1475.5000,42.0600,2.6000
1476.0000,42.0600,2.4700
1476.5000,41.9600,2.0700
1477.0000,42.1000,1.8100
1477.5000,42.2600,1.8100
1478.0000,42.2300,1.7700
1478.5000,42.2600,1.9400
1479.0000,42.3600,2.0100
1479.5000,42.3600,1.7400
1480.0000,42.4300,1.9700
1480.5000,42.4900,1.9400
1481.0000,42.4300,1.9100
1481.5000,42.4600,1.9400
1482.0000,42.5300,1.9400
1482.5000,42.5600,2.2000
1483.0000,42.6300,2.3700
1483.5000,42.7600,2.0700
1484.0000,42.6300,1.7700
1484.5000,42.8300,1.8700
1485.0000,42.9600,2.0700
1485.5000,42.9900,1.9100
1486.0000,42.9900,1.8100
1486.5000,43.0600,1.9400
1487.0000,43.0900,2.0700
1487.5000,43.0600,1.7100
1488.0000,43.1300,2.0700
1488.5000,43.1600,2.0100
1489.0000,43.1600,2.2700
1489.5000,43.3600,2.0400
1490.0000,43.3300,1.7700
1490.5000,43.3600,1.6400
1491.0000,43.3900,1.5700
1491.5000,43.5300,1.6100
1492.0000,43.4300,1.6400
1492.5000,43.5600,1.8100
1493.0000,43.5900,1.8100
1493.5000,43.5600,1.8700
1494.0000,43.5600,1.7100
1494.5000,43.6900,1.6400
1495.0000,43.4900,1.8100
1495.5000,43.5900,1.8700
1496.0000,43.5300,1.3800
1496.5000,43.4900,1.4100
1497.0000,43.6300,1.5700
1497.5000,43.4900,1.4800
1498.0000,43.5900,1.4100
1498.5000,43.5300,1.4100
1499.0000,43.6300,1.6700
1499.5000,43.5300,1.5400
1500.0000,43.4600,1.5100
1500.5000,43.5900,1.7400
1501.0000,43.5300,1.8100
1501.5000,43.4600,1.7100
1502.0000,43.4900,1.8400
1502.5000,43.4900,2.0400
1503.0000,43.4600,1.6400
1503.5000,43.4600,1.5100
1504.0000,43.4900,1.6400
1504.5000,43.4300,1.4400
1505.0000,43.3900,1.7100
1505.5000,43.4300,1.8400
1506.0000,43.3600,1.6400
1506.5000,43.3600,1.4400
1507.0000,43.3600,1.3800
1507.5000,43.2900,1.4400
1508.0000,43.2900,1.2100
1508.5000,43.2300,1.5100
1509.0000,43.2600,1.7400
1509.5000,43.1900,1.5100
1510.0000,43.1600,1.5400
1510.5000,43.1600,1.5100
1511.0000,43.0900,1.5700
1511.5000,43.0600,1.5400
1512.0000,43.0300,1.5400
1512.5000,43.0600,1.5400
1513.0000,42.9600,0.9500
1513.5000,42.9300,1.1100
1514.0000,42.8900,1.2800
1514.5000,42.8600,1.1800
1515.0000,42.7900,1.1800
1515.5000,42.7600,1.3100
1516.0000,42.7600,1.4800
1516.5000,42.6600,1.4100
1517.0000,42.6300,1.5100
1517.5000,42.6300,1.2100
1518.0000,42.4900,0.9500
1518.5000,42.4600,0.9800
1519.0000,42.4900,1.2100
1519.5000,42.3600,1.0800
1520.0000,42.3300,1.2100
1520.5000,42.3300,1.2800
1521.0000,42.3000,1.2400
1521.5000,42.2000,1.3100
1522.0000,42.1300,1.2400
1522.5000,42.1300,1.3800
1523.0000,42.0300,1.2100
1523.5000,42.0000,1.1400
1524.0000,42.0000,1.1100
1524.5000,41.8300,0.9100
1525.0000,41.8300,1.0500
1525.5000,41.7600,1.1100
1526.0000,41.7000,1.1400
1526.5000,41.6600,1.0800
1527.0000,41.6600,1.0500
1527.5000,41.5300,0.9100
1528.0000,41.4600,0.8800
1528.5000,41.4600,1.0100
1529.0000,41.3300,1.1100
1529.5000,41.4000,1.1800
1530.0000,41.2300,1.6400
1530.5000,41.5300,29.9000
1531.0000,42.6300,57.9000
1531.5000,42.4900,67.5900
1532.0000,42.2300,68.2200
1532.5000,41.9300,69.9800
1533.0000,41.8000,73.8100
1533.5000,41.7300,76.5300
1534.0000,41.5000,76.6300
1534.5000,41.2600,77.6500
1535.0000,41.1600,77.6900
1535.5000,40.9600,77.1900
1536.0000,40.7300,77.2200
1536.5000,40.7000,78.5800
1537.0000,40.5600,77.6500
1537.5000,40.4000,79.1400
1538.0000,40.3000,78.7800
1538.5000,40.0600,78.6100
1539.0000,40.0300,79.8400
1539.5000,39.9000,79.4100
1540.0000,39.7300,78.6100
1540.5000,39.6700,78.7800
1541.0000,39.6000,79.0400
1541.5000,39.4300,79.0800
1542.0000,39.3700,79.8400
1542.5000,39.2700,79.7700
1543.0000,39.1300,79.6700
1543.5000,39.0300,79.3400
1544.0000,38.9300,79.3700
1544.5000,38.7700,79.6400
1545.0000,38.6700,79.5100
1545.5000,38.6700,79.7700
1546.0000,38.5700,79.7400
1546.5000,38.3700,79.8400
1547.0000,38.4000,80.5300
1547.5000,38.3000,80.1300
1548.0000,38.2300,79.8000
1548.5000,38.1700,79.7400
1549.0000,38.0300,79.2700
1549.5000,38.1300,79.7400
1550.0000,38.2000,79.5400
1550.5000,38.0700,79.5400
1551.0000,37.8300,79.3400
1551.5000,37.6300,79.7700
1552.0000,37.4000,79.6700
1552.5000,37.3300,79.7000
1553.0000,37.1000,79.8700
1553.5000,37.0400,80.1300
1554.0000,36.8000,80.2300
1554.5000,37.0700,80.5600
1555.0000,36.9700,80.5000
1555.5000,37.0700,80.6000
1556.0000,37.1000,80.4300
1556.5000,37.0000,80.4700
1557.0000,36.9400,80.3300
1557.5000,36.8700,80.2300
1558.0000,36.7700,80.1300
1558.5000,36.6700,79.9400
1559.0000,36.5400,80.0700
1559.5000,36.4000,80.3700
1560.0000,36.3400,79.9700
1560.5000,36.1000,80.3300
1561.0000,36.0000,80.9000
1561.5000,36.1400,80.5600
1562.0000,35.8700,80.4000
1562.5000,35.6700,80.5000
1563.0000,35.6000,80.4700
1563.5000,35.5700,80.7300
1564.0000,35.5700,80.7600
1564.5000,35.4400,80.7600
1565.0000,35.4700,80.6600
1565.5000,35.3400,80.6000
1566.0000,35.2400,80.4700
1566.5000,35.0400,80.4700
1567.0000,35.0400,80.7000
1567.5000,35.2400,80.3700
1568.0000,35.2000,80.1700
1568.5000,35.0400,80.2700
1569.0000,35.2400,80.3700
1569.5000,35.2700,80.0000
1570.0000,35.1000,79.8400
1570.5000,35.0400,79.9400
1571.0000,35.0700,79.7700
1571.5000,34.6700,80.0400
1572.0000,34.5700,80.2300
1572.5000,34.5400,80.2300
1573.0000,34.3700,80.3700
1573.5000,34.4400,80.3700
1574.0000,34.5000,80.2300
1574.5000,34.4400,80.3000
1575.0000,34.3100,80.3700
1575.5000,34.4400,80.4000
1576.0000,34.4000,80.3700
1576.5000,34.4400,80.1700
1577.0000,34.6700,80.5300
1577.5000,34.5400,80.7300
1578.0000,34.3100,80.9600
1578.5000,34.2400,81.1300
1579.0000,34.1700,81.0900
1579.5000,34.2100,80.9900
1580.0000,34.0700,81.0300
1580.5000,34.1100,80.9000
1581.0000,34.0700,80.9900
1581.5000,34.0700,80.8300
1582.0000,34.0100,80.7300
1582.5000,33.9400,80.5300
1583.0000,33.8100,80.7300
1583.5000,33.8100,80.8000
1584.0000,33.8100,80.6300
1584.5000,33.8700,80.8600
1585.0000,33.8700,80.9300
1585.5000,33.9100,80.7600
1586.0000,33.9700,80.8600
1586.5000,33.9700,80.8600
1587.0000,34.0400,80.9000
1587.5000,34.0100,81.0900
1588.0000,33.9100,81.2900
1588.5000,33.9100,81.2300
1589.0000,34.0100,81.4900
1589.5000,34.0700,81.4200
1590.0000,34.0100,81.1900
1590.5000,33.9700,81.0900
1591.0000,34.0400,81.0300
1591.5000,34.0400,81.1300
1592.0000,34.0400,80.9600
1592.5000,33.9700,80.6600
1593.0000,34.0100,80.8600
1593.5000,34.0400,80.9600
1594.0000,34.1100,80.7000
1594.5000,34.1400,80.7000
1595.0000,34.1400,80.7300
1595.5000,34.0400,80.8300
1596.0000,34.1100,81.0300
1596.5000,34.1100,80.9300
1597.0000,33.9400,80.9000
1597.5000,34.1400,80.9300
1598.0000,34.2400,80.8000
1598.5000,34.5700,81.1600
1599.0000,34.4700,80.9600
1599.5000,34.5400,81.0300
1600.0000,34.5400,81.1600
1600.5000,34.4400,80.9900
1601.0000,34.4400,81.0900
1601.5000,34.3100,80.9900
1602.0000,34.6700,80.9900
1602.5000,34.7700,80.8300
1603.0000,34.8000,80.8000
1603.5000,34.7700,80.9000
1604.0000,34.7700,80.9600
1604.5000,34.8400,81.1300
1605.0000,35.0000,81.2300
1605.5000,34.8400,81.1300
1606.0000,35.0400,81.1600
1606.5000,35.1400,81.3600
1607.0000,35.1000,81.1300
1607.5000,35.3000,80.9900
1608.0000,35.3000,81.0600
1608.5000,35.2700,81.1900
1609.0000,35.3000,81.3600
1609.5000,35.3700,81.2600
1610.0000,35.4700,81.1300
1610.5000,35.7700,81.0900
1611.0000,35.7000,80.9900
1611.5000,35.7000,80.9300
1612.0000,35.6000,81.0900
1612.5000,35.4700,81.0600
1613.0000,35.6400,80.9300
1613.5000,35.8400,81.1600
1614.0000,35.9700,81.1600
1614.5000,35.8700,80.9900
1615.0000,35.9400,81.0600
1615.5000,36.0400,81.0600
1616.0000,36.0400,81.1300
1616.5000,36.2000,81.0300
1617.0000,36.3700,80.7300
1617.5000,35.6400,80.6600
1618.0000,33.3100,79.7700
1618.5000,36.6000,81.1600
1619.0000,36.2400,76.3900
1619.5000,36.4000,73.5200
1620.0000,36.4400,70.1700
1620.5000,36.2400,38.2100
1621.0000,36.2400,18.2200
1621.5000,35.9000,15.7100
1622.0000,36.1000,11.7000
1622.5000,36.8000,11.0100
1623.0000,36.9000,11.9300
1623.5000,36.8400,12.2300
1624.0000,36.8400,10.1100
1624.5000,36.8400,8.0900
1625.0000,37.0000,8.1900
1625.5000,37.0700,6.6400
1626.0000,37.1300,7.5600
1626.5000,37.3000,7.6000
1627.0000,34.4400,5.1500
1627.5000,35.1700,4.6500
1628.0000,36.0400,4.8800
1628.5000,37.3000,5.3800
1629.0000,37.8300,4.5500
1629.5000,36.5000,3.8300
1630.0000,37.3700,4.0200
1630.5000,37.6700,4.0600
1631.0000,37.5000,3.6300
1631.5000,37.8000,4.1600
1632.0000,38.4300,4.2600
1632.5000,38.7300,3.6600
1633.0000,38.7700,3.6300
1633.5000,38.9300,3.0300
1634.0000,38.9700,2.9000
1634.5000,39.1000,3.3600
1635.0000,39.2300,3.4600
1635.5000,39.4300,3.0000
1636.0000,39.5300,3.1600
1636.5000,39.5700,3.6900
1637.0000,39.7000,3.3900
1637.5000,39.8000,3.2000
1638.0000,39.7600,2.9000
1638.5000,39.4700,2.2000
1639.0000,39.2300,2.3400
1639.5000,39.8300,2.1400
1640.0000,39.8300,2.2400
1640.5000,39.9300,2.6700
1641.0000,40.1300,2.9000
1641.5000,40.3000,2.5300
1642.0000,40.4000,2.2700
1642.5000,40.4300,2.3000
1643.0000,40.5300,2.2000
1643.5000,40.4000,2.2000
1644.0000,40.4300,2.3000
1644.5000,40.7600,2.2000
1645.0000,40.0600,1.9700
1645.5000,40.5600,1.9400
1646.0000,40.8600,1.9700
1646.5000,41.0600,2.3700
1647.0000,40.4600,1.3800
1647.5000,41.1300,1.8400
1648.0000,42.0600,2.3700
1648.5000,41.7300,2.4000
1649.0000,41.5300,1.8400
1649.5000,41.8000,1.9100
1650.0000,42.1600,2.2700
1650.5000,41.9600,2.1700
1651.0000,41.4600,1.5700
1651.5000,38.3300,1.1100
1652.0000,40.4600,2.1400
1652.5000,40.0000,1.9700
1653.0000,41.8300,2.6000
1653.5000,42.4900,2.9000
1654.0000,42.6300,2.4400
1654.5000,43.1900,2.7000
1655.0000,43.8300,2.8000
1655.5000,43.2300,2.5000
1656.0000,42.9900,2.1000
1656.5000,43.5300,2.7300
1657.0000,43.3600,2.8000
1657.5000,43.0300,2.9000
1658.0000,43.4300,3.0600
1658.5000,43.2900,3.0000
1659.0000,43.0300,3.1300
1659.5000,43.3900,2.9300
1660.0000,43.4600,3.2600
1660.5000,43.3600,2.9600
1661.0000,43.3300,2.5000
1661.5000,43.2300,2.3000
1662.0000,41.5600,1.6400
1662.5000,37.5300,-0.0500
1663.0000,41.7300,1.1800
1663.5000,43.5300,2.1400
1664.0000,43.7600,2.4000
1664.5000,43.9300,2.2700
1665.0000,43.9900,2.1400
1665.5000,44.0900,2.0400
1666.0000,43.9300,1.8700
1666.5000,45.6600,2.4700
1667.0000,44.3900,2.0700
1667.5000,44.2600,2.0700
1668.0000,44.7900,2.3000
1668.5000,44.6300,2.1400
1669.0000,44.3900,1.7100
1669.5000,44.5300,1.8700
1670.0000,44.4900,1.8700
1670.5000,44.5600,1.7400
1671.0000,44.5900,1.9400
1671.5000,44.5300,1.9100
1672.0000,44.4900,1.3400
1672.5000,44.4600,1.3100
1673.0000,44.5900,1.7400
1673.5000,44.2300,1.4800
1674.0000,44.0300,1.5400
1674.5000,44.2900,1.5400
1675.0000,44.5900,2.1000
1675.5000,44.5300,2.0400
1676.0000,43.2900,1.1400
1676.5000,43.4300,1.1400
1677.0000,44.2300,1.4400
1677.5000,44.4900,1.7700
1678.0000,44.8600,2.5000
1678.5000,44.9900,1.9400
1679.0000,44.5600,1.3400
1679.5000,44.4600,1.5400
1680.0000,44.4900,1.3800
1680.5000,44.5300,1.2800
1681.0000,44.6600,1.3100
1681.5000,44.6300,1.3400
1682.0000,44.5600,1.2100
1682.5000,43.1600,0.8800
1683.0000,43.4300,1.0100
1683.5000,44.0600,1.4800
1684.0000,44.5300,1.4100
1684.5000,44.4600,1.2800
1685.0000,44.4600,1.4400
1685.5000,44.3900,0.9800
1686.0000,44.1900,0.9500
1686.5000,44.1900,1.0500
1687.0000,44.4300,1.6100
1687.5000,44.2900,0.9800
1688.0000,44.1600,0.8800
1688.5000,44.1900,0.7100
1689.0000,44.2300,0.8800
1689.5000,44.1900,1.0800
1690.0000,44.1900,1.3800
1690.5000,44.1300,1.3100
1691.0000,44.0600,1.2400
1691.5000,44.0600,1.2400
1692.0000,44.0600,1.5100
1692.5000,43.9600,1.1800
1693.0000,43.9600,1.1800
1693.5000,43.9300,1.0800
1694.0000,43.9300,1.2800
1694.5000,43.8600,1.1100
1695.0000,43.7600,0.9800
1695.5000,43.6900,1.0800
1696.0000,43.6300,1.2400
1696.5000,43.5300,1.4400
1697.0000,43.4900,1.3800
1697.5000,43.4300,1.4800
1698.0000,43.3300,1.4100
1698.5000,43.3300,1.3100
1699.0000,43.4900,1.5100
1699.5000,43.3900,1.3800
1700.0000,43.2600,1.5100
1700.5000,43.2600,1.7100
1701.0000,43.2300,2.4700
1701.5000,43.6600,1.6100
1702.0000,43.2300,1.0800
1702.5000,43.1300,1.1400
1703.0000,43.0300,0.9500
1703.5000,42.9900,1.1800
1704.0000,42.8900,1.2100
1704.5000,42.7600,0.9100
1705.0000,42.3600,0.9500
1705.5000,42.0300,0.8800
1706.0000,41.8600,0.4200
1706.5000,42.0600,1.0500
1707.0000,42.1300,1.1100
1707.5000,42.1300,1.2400
1708.0000,42.1300,1.3400
1708.5000,42.1000,1.2100
1709.0000,41.7600,1.0500
1709.5000,39.8300,0.9500
1710.0000,42.2000,2.0100
1710.5000,41.7000,2.6000
1711.0000,41.7000,25.5700
1711.5000,42.3300,53.2300
1712.0000,44.2300,64.6100
1712.5000,43.2900,68.3500
1713.0000,42.8600,69.7100
1713.5000,43.0600,71.5300
1714.0000,42.7300,72.1900
1714.5000,42.4300,73.6500
1715.0000,42.1000,73.2800
1715.5000,41.7300,72.6200
1716.0000,41.2000,73.6200
1716.5000,41.6000,74.6700
1717.0000,41.9600,75.9000
1717.5000,41.7600,77.2600
1718.0000,41.6000,78.1500
1718.5000,41.4000,78.0800
1719.0000,41.2300,78.0200
1719.5000,41.1300,78.1800
1720.0000,40.9600,78.6500
1720.5000,40.8000,79.2400
1721.0000,40.6600,79.5400
1721.5000,40.6600,79.5700
1722.0000,40.2600,79.2400
1722.5000,40.2000,79.2700
1723.0000,40.1300,79.0800
1723.5000,40.1000,79.5100
1724.0000,39.9600,79.5700
1724.5000,40.2000,79.7700
1725.0000,40.4600,79.7700
1725.5000,40.1300,79.9700
1726.0000,39.5300,79.5700
1726.5000,39.4300,79.3400
1727.0000,39.4000,79.4400
1727.5000,39.5000,79.7000
1728.0000,40.0300,79.9700
1728.5000,39.4300,79.7700
1729.0000,39.3000,79.8000
1729.5000,38.1700,79.3700
1730.0000,39.0000,79.4700
1730.5000,39.6700,80.1300
1731.0000,38.5000,80.1700
1731.5000,38.7700,80.0700
1732.0000,38.4000,79.9400
1732.5000,38.2300,80.3700
1733.0000,38.1700,80.5000
1733.5000,38.1000,80.7300
1734.0000,38.1300,80.6000
1734.5000,37.9000,80.5000
1735.0000,37.6700,80.4300
1735.5000,37.2300,80.0000
1736.0000,38.0300,80.1700
1736.5000,38.1700,80.4000
1737.0000,37.7300,80.2700
1737.5000,37.5700,80.2300
1738.0000,37.4000,80.0400
1738.5000,37.4000,80.3000
1739.0000,37.5300,80.7300
1739.5000,37.7700,80.9600
1740.0000,37.0400,80.5300
1740.5000,36.8400,81.2300
1741.0000,36.6700,81.5200
1741.5000,36.7400,80.9000
1742.0000,36.8000,80.9300
1742.5000,36.7700,80.8600
1743.0000,36.4700,80.5600
1743.5000,36.2400,80.4300
1744.0000,36.1000,80.6300
1744.5000,36.1000,80.5300
1745.0000,36.0400,80.6000
1745.5000,35.9400,80.6000
1746.0000,35.9400,80.6000
1746.5000,35.7700,80.4700
1747.0000,35.7700,80.6300
1747.5000,35.7000,80.9000
1748.0000,35.6400,80.7000
1748.5000,35.5700,80.4700
1749.0000,35.5000,80.5300
1749.5000,35.4400,80.5600
1750.0000,35.5000,81.0600
1750.5000,35.5000,81.0300
1751.0000,35.2700,80.6000
1751.5000,35.2400,80.7000
1752.0000,35.1700,80.5300
1752.5000,35.1400,80.9300
1753.0000,35.1400,80.9600
1753.5000,35.1000,80.7600
1754.0000,35.0400,80.6000
1754.5000,35.0000,80.5600
1755.0000,34.9700,80.7300
1755.5000,34.9700,80.9900
1756.0000,34.8700,80.7600
1756.5000,34.8400,80.6300
1757.0000,34.8000,80.8300
1757.5000,34.7700,80.8300
1758.0000,34.7400,80.8300
1758.5000,34.7000,80.9300
1759.0000,34.6000,80.6300
1759.5000,34.6400,80.8300
1760.0000,34.6000,80.8600
1760.5000,34.6000,80.8000
1761.0000,34.4000,80.5600
1761.5000,34.4700,80.9300
1762.0000,34.5000,80.9600
1762.5000,34.4400,80.9900
1763.0000,34.4400,80.9600
1763.5000,34.4400,81.0600
1764.0000,34.3700,80.9300
1764.5000,34.3700,80.9600
1765.0000,34.3400,80.9600
1765.5000,34.3400,80.9900
1766.0000,34.3400,80.9300
1766.5000,34.3100,80.8600
1767.0000,34.3400,80.8600
1767.5000,34.3100,81.0600
1768.0000,34.3400,81.0900
1768.5000,34.2700,80.9000
1769.0000,34.2400,80.9300
1769.5000,34.2400,80.8600
1770.0000,34.3100,81.0600
1770.5000,34.3400,81.1300
1771.0000,34.3400,81.0900
1771.5000,34.3100,81.1300
1772.0000,34.4000,81.1300
1772.5000,34.3700,81.1300
1773.0000,34.3700,80.9900
1773.5000,34.3700,80.6300
1774.0000,34.3400,80.8300
1774.5000,34.3700,80.8600
1775.0000,34.3700,80.9900
1775.5000,34.3700,80.9600
1776.0000,34.4000,80.9600
1776.5000,34.4700,81.2300
1777.0000,34.4700,81.1600
1777.5000,34.4700,80.9300
1778.0000,34.5400,80.9300
1778.5000,34.5700,80.9900
1779.0000,34.5400,80.9600
1779.5000,34.5700,80.8000
1780.0000,34.5700,80.7000
1780.5000,34.5700,80.9000
1781.0000,34.6700,81.1600
1781.5000,34.7700,81.1600
1782.0000,34.8700,80.9900
1782.5000,34.9000,80.9900
1783.0000,34.8400,80.9300
1783.5000,34.7400,80.7000
1784.0000,34.8000,80.9000
1784.5000,34.9000,80.9900
1785.0000,34.8400,80.6600
1785.5000,34.8400,80.9300
1786.0000,34.9400,80.9300
1786.5000,35.0400,81.1600
1787.0000,35.0700,81.1300
1787.5000,35.0000,81.0600
1788.0000,35.1400,81.0900
1788.5000,35.1700,81.1900
1789.0000,35.1700,81.0600
1789.5000,35.2700,81.2300
1790.0000,35.2700,81.2300
1790.5000,35.2700,80.9900
1791.0000,35.4000,81.1300
1791.5000,35.4700,81.5900
1792.0000,35.6000,81.3900
1792.5000,35.5400,81.1600
1793.0000,35.6400,81.5600
1793.5000,35.6400,81.3900
1794.0000,35.6400,80.9900
1794.5000,35.7000,81.2300
1795.0000,35.8000,81.2600
1795.5000,35.8700,81.1900
1796.0000,35.9000,81.3600
1796.5000,35.9400,81.1300
1797.0000,36.0000,81.1600
1797.5000,36.1000,81.2300
1798.0000,36.1400,81.2900
1798.5000,36.3000,81.3300
1799.0000,36.4700,81.2600
1799.5000,36.2700,80.5600
